Year,Month,1,2,3,4,5,6,7,8,9,10,11,12,13,14,15,16,17,18,19,20,21,22,23,24,25,26,27,28,29,30,31
1981,1,20.2,23.4,23.6,23.9,24,24.4,18.9,18.9,20.9,22,19.7,19.6,21.4,22.5,24.2,23.9,24.4,25.2,22.6,24.1,24,25.2,26.5,21.6,23.1,23.4,24.1,23.3,24.7,26.8,24.9
1981,2,21.2,24,23.3,23.9,26.1,27.7,28.6,25.5,17.2,16.9,20,22.5,24.7,26.3,28.1,29.2,30.1,28.1,27.5,28.3,29.6,30.3,30.2,31.2,32.8,34.2,32.6,34.3,,,
1981,3,33.9,31.9,30,30.2,31.4,31.3,31.1,33.2,25,33.1,29.7,30.6,26.9,29.8,31.3,27.4,31.2,32.8,34.2,35.2,35,34.4,33.6,34.7,23.9,27.8,28.9,28.1,29.6,30.9,25
1981,4,28.7,32,34.2,33.8,36.2,35.7,33.3,35.3,36.3,36.3,33.6,25,27.9,31.7,31.8,31.9,27.4,26.1,21.4,27.5,29.7,31.4,33.9,32.1,33.7,34.6,35.2,32.1,31.8,31.8,
1981,5,36.2,30.8,31.1,32.4,32.8,32,31.8,33.1,34.9,32,32.6,33.3,33.2,33.7,28.7,31.1,30.1,31.9,32.2,33.7,33.2,32.9,33.3,34.1,30.4,33.3,30.6,32.8,31.7,31.8,25.7
1981,6,31.1,31.2,34.2,36.8,33.6,34.2,30.3,31.9,32.6,33,34.1,34.4,35.9,35.7,34,31.4,32.8,33.1,32.6,32.3,30.7,31,31.4,33.6,30.7,37.7,32.6,30.8,32.9,33.6,
1981,7,31,30.7,29.4,32,30.9,32.2,30.6,31.4,30.6,31.7,31.7,29.6,31.7,32.2,31.4,30.2,27.2,30,31.1,30.3,32.8,33.1,31.4,32.2,32.8,32.4,30.6,32.5,33.1,30.1,29.2
1981,8,32.7,31.7,32.4,31.7,32.6,32.8,33.1,32.3,32.4,33.7,32.6,32.7,33.3,31.4,31.4,32.5,32,32,33.4,32.5,31.3,30.7,30.6,30.4,****,****,****,****,****,****,****
1981,9,****,****,****,****,****,****,29.4,28.6,27.5,29.6,31.7,32.2,****,29.8,27.6,31,32.8,32.9,31.4,32.8,32.8,33.5,****,****,****,****,****,****,****,****,
1981,10,****,****,****,****,****,****,****,****,****,****,****,****,****,****,****,****,****,****,****,34,****,****,****,****,****,****,****,****,****,****,****
1981,11,****,****,****,****,****,****,****,****,****,****,****,****,****,****,****,****,****,****,****,****,****,****,****,****,****,****,****,****,****,****,
1981,12,****,****,****,****,****,****,****,****,****,****,****,****,****,****,****,****,****,****,****,****,****,****,****,****,****,****,****,****,****,****,****
1982,1,****,****,****,****,****,****,****,****,****,****,****,****,****,****,****,****,****,****,****,****,****,****,****,****,****,****,****,****,****,****,****
1982,2,****,****,****,****,****,****,****,****,****,****,****,****,****,****,****,****,****,****,****,****,****,****,****,****,****,****,****,****,,,
1982,3,****,****,****,****,****,****,****,****,****,****,****,****,****,****,****,****,****,****,****,****,****,****,****,****,****,****,****,****,****,****,****
1982,4,****,****,****,****,****,****,****,****,****,****,****,****,****,****,****,****,****,****,****,****,****,****,****,****,****,****,****,****,****,****,
1982,5,****,****,****,****,****,****,****,****,****,****,****,****,****,****,****,****,****,****,****,****,****,****,****,****,****,38.4,****,36.8,34.3,37.2,37.1
1982,6,37.5,37,34,33.1,36,36.2,35,33.5,34.9,33.8,30.4,32,32.3,33.2,32.8,33,30.3,30,32.4,35.1,28.5,33.2,33,32.8,33.6,35.2,32.3,32,32.5,33.3,
1982,7,33.4,36.7,38.3,34.8,36.7,34.3,32.7,33.6,34.1,34.3,30.4,31.7,33.5,34,34,34.2,35.2,35,34.1,32.3,33.6,34,31.6,33.1,32.1,32.9,31.5,30.5,33.1,32.1,33
1982,8,32.7,28.4,25.6,26.9,29.5,32.5,31.6,28.8,31.6,32.8,33.1,32.6,33.3,31.6,32.5,33.7,33.8,31.9,32.1,32.9,32.7,33,29.7,31.7,32.5,33.1,32.8,32.2,31,29,28.7
1982,9,32.5,33.4,32.4,30.7,32.5,33.1,32.5,34.4,34,32.2,31,31.8,31.2,32,33,35.1,35.2,34.5,34.3,34.6,35.4,35,35.3,35.1,35.2,33.3,32,32.5,32.2,34.2,
1982,10,34.2,32.5,32.8,33.4,32.5,33.8,34.8,35.1,34,35.1,31.2,31.4,31.7,31.7,31.7,30.1,32.4,33.9,33.6,34.5,31.5,30,27.4,27.5,30.3,32.8,32.7,31,29.8,30.2,30.5
1982,11,30.2,30.7,30.2,30.5,31,32.2,30.2,30,29.2,27.2,26.3,25.6,26.3,27.5,27.4,28.4,28.7,28.6,28.5,29.5,29.5,28,27.8,27.5,26.1,26.2,26.8,26.2,26.2,25.4,
1982,12,25.5,26.7,26.5,26.7,25.9,25.8,24.5,25.9,25.5,25.2,26,24.8,26.2,25.2,26.7,27,26.1,24.8,25.1,25,25.2,25.2,24.8,24.7,25,24.1,25.5,25.4,25,24.7,21
1983,1,22.8,23.5,19.7,20.5,22.3,19.8,26.2,24.5,23.5,23,23.2,21.2,21,20.8,22.9,24.1,23.8,24.2,24.9,24.2,25.8,25.9,25.6,26.2,26.6,27.2,27.3,28.5,22.5,20.5,24.7
1983,2,21.6,23,22.7,22.5,22.3,22.9,24.5,24.2,26.5,27.5,27,26.2,28,30.2,31.2,32.3,31,30,29.8,29.8,30,23.7,28.8,29.5,30.5,29,28.7,29.1,,,
1983,3,30.4,32,32.1,33.2,31.5,30.5,31.2,31.8,32.3,34,36.2,38,34.6,34.8,34.2,31.5,32.6,35.2,36.5,33.2,32.6,31.6,31.3,31.3,33.7,35.9,****,38.6,37,36,36.3
1983,4,36.9,37,39.2,38.5,39.3,37.1,38.2,39.4,39.8,37.6,32.1,35.8,33.7,33.6,31.4,27.4,30.2,31.5,31.8,34.9,36,36.3,38.2,31.3,33.1,33.4,35.7,32,34.5,37.1,
1983,5,29.3,28.3,31.4,36.5,36,34.5,34.3,28,31.4,30.5,30.5,32.1,32.4,33.1,31.9,35,35.5,33.3,35.6,37,37,37.5,32,32.8,35.2,36.2,38,38.2,37.7,35.2,36.5
1983,6,36.5,36.3,35.3,39.3,38.3,40.4,40.7,38.8,31.5,35.3,36.8,35.5,36.8,36.2,36.6,38.2,36.1,37.1,37.7,37,36,35.5,35.5,34.8,30.5,29.8,32,31.1,33,30.3,
1983,7,33.3,31.7,31.2,31,31.3,31.6,34,34,32.5,32.7,33.3,34.2,34.7,35.2,34.9,34.6,34.7,36.2,34.2,34.8,31.8,32.3,33.1,32.7,30,30.5,31.9,30.5,32.9,33.7,32
1983,8,33,32.5,29.1,26.8,26.3,27.7,32.3,34.1,32.8,32.9,32.8,32.7,32.8,32.4,32.7,31.6,33.4,33.1,32.5,34,34,33.3,28.6,28,27.5,31.8,32.4,33.2,32.3,33.2,32.2
1983,9,32.7,32.8,32.3,31.8,30.7,30,30.1,31.4,32,33.1,33,33.7,32.2,32.8,29.8,29.8,30.5,30.2,31.5,31.2,31.6,31.4,32.5,33,33.7,33.5,32.2,31.7,33.7,33,
1983,10,33.1,33.2,31.7,33.9,33.5,31.2,31.5,28,27.3,26.8,28.5,32.5,30,30.4,28.3,30.4,30.9,29,29.7,30,30.9,31.5,32.1,31.7,30.5,28.2,29,29.5,30,32.2,32.5
1983,11,31.4,30.7,30.5,30.6,31.3,30.2,29.8,29.5,30.6,29.5,29.4,29.4,29.6,29.7,29.8,29.5,29.5,29.4,29.6,29.2,28.5,29.1,29.8,29.4,28.8,29.7,29.5,29,28.6,28.2,
1983,12,27.6,27.6,27.8,27.4,27.2,26.2,26.6,25.5,25.7,26.2,24.6,25.5,25.4,25.8,26.6,25.5,25.8,25.2,25.2,26.2,25.4,26.6,27.8,26.5,23,17.6,19,20.2,19.9,21,20.5
1984,1,23.2,23.6,23.2,24,24,24.4,25.3,25.4,25,25.1,25,25.1,25.2,22,26.6,18.5,21.4,20,21.7,21.5,22.5,22.8,22.4,22.8,22.3,24.1,24.2,21.8,24,24.2,24.2
1984,2,24.9,27,27.1,24.4,24.7,25.3,25.2,24,25.5,26.1,26.4,28.2,26.7,24.5,24.8,28,28.3,29.6,29.5,28,26.1,28.1,23.4,24.3,24.4,26,27,28.6,29,,
1984,3,28.8,29.5,29.9,30.1,31.2,31.5,32.9,33,33.6,33.8,33.8,36.4,36.9,36.5,36.5,37,37.6,37.3,37,34,33.5,34.5,36.2,35.9,36,37.2,36.6,36.5,37.7,38.1,38.7
1984,4,39.6,41.2,41.5,39.8,39.7,37.9,39.6,36,36,32.2,33.6,36,38.7,39.2,39.7,38.5,40,41.4,42.5,41,38,32,36.2,37.1,36.1,39.2,40.6,35,35,34.6,
1984,5,35,40.1,****,39,36.5,36.5,27.9,32.2,33,26,31,31.6,29.8,29.8,31,39,39.1,39.1,40.2,39.7,40.2,39.9,37.6,36.6,28.7,29.7,34.9,35,35.6,34.6,36.7
1984,6,38.1,38.1,34.6,26,25.2,27.2,30.8,30.1,33.5,33.4,33.9,34.7,33.1,31.5,31.5,30.5,30.4,31.5,31.2,32.1,32.7,31,30.4,30,27.8,29.8,31,31.8,31.5,32,
1984,7,31,32.1,33.5,33.6,33.4,31.6,31.8,29.9,32.1,32.1,28,32,32.1,31.5,28.7,32.1,32.6,30.3,32.4,32.5,32.5,31.3,32,32,31.5,33,31.6,32,33,32,32.6
1984,8,30.1,30.5,32,33.1,34.1,33.4,32.9,31.9,31.3,31.2,32.5,34.3,35.1,33.4,34,31.1,31.7,31.6,32.8,34,32.7,34.5,33.1,31.5,31.9,31,31,30.5,32,30.2,32.3
1984,9,33,31.4,31.3,30,31,28.8,31.6,33,32,30.9,32,30.5,31.4,32,32,28,30.5,33,31.8,32.7,32.8,33.3,33.2,33.2,33.8,33.2,33,33,33.2,33.8,
1984,10,33.2,34,28,29.5,30.4,33.5,33.1,34.1,32.6,33.2,33,32.4,30.1,28,31.5,32.3,32,32.2,33.4,33.2,33.1,33.2,32.5,33.4,32.5,33,32.1,31.5,31.9,32,31
1984,11,30.3,30,29.8,29.9,30,30,29.5,29.6,29.3,29.4,30.6,30.2,29.8,28,28.5,28.5,28.9,29,28.6,28.2,28,27.8,27.5,28.6,28.1,27.6,26.8,27.3,28.2,28.3,
1984,12,28,27.8,27,27,27,27.6,27.3,27.3,25.7,26.8,25.6,25.4,27.5,28.6,24.5,25.1,25.2,24.2,24,24,24,24,25,24.8,23.8,25.2,25,25.4,25.6,26,25.2
1985,1,24.2,26,26,22.6,24,24.1,23.6,23.6,25,24.2,24.3,25.2,24.2,25,23.5,25,24,24,25.2,23.2,25,27,25,25.2,26,26.2,28,28,28.2,27,26.4
1985,2,24.3,27.1,26,25,28,28.7,25.8,26.4,27.4,29.2,28.6,28,28.5,26.2,21.5,25.8,27.6,27.5,28.8,31.4,31.4,28.4,28.5,29.4,31.6,30.2,29.6,29.8,,,
1985,3,31.8,32.7,32.9,34.4,32,33.6,37.2,36.2,36.6,36.2,35,37,37.5,36.2,36.2,36.4,37.6,36,37.2,34.6,35,36,36.6,35.6,32,30.8,36,38.2,35.2,38,38.9
1985,4,****,****,****,****,****,****,****,38.5,39.2,38.1,38.2,39.8,42.1,42.4,39.5,40,39.6,35.2,38,37,38.4,35.8,40.8,43.8,41.1,42.4,41,32.5,25.5,32.2,
1985,5,33,34.8,31,35.2,30.1,27.6,30.4,33.8,35.4,34.5,33,30.8,31.4,35.4,32.8,35.6,****,35.6,35.8,34,31.4,32.5,33.8,31.5,33.1,35,34.5,35.8,36,35.8,36
1985,6,35.5,34.6,36.5,33,31.5,33,35.2,35.8,37.3,33.2,34,34.5,34.5,33.5,31.1,29.2,32.6,33.2,32,32.6,34.5,33.8,35,33,33.4,32.4,33.8,33.1,30.5,31.4,
1985,7,29.2,30.4,31.2,30.8,32,31,30.5,31.8,31,31,30.8,31.1,32.4,32.2,31.2,31.6,31.2,31.6,33,32.7,32,31.8,31.1,29.8,30.5,31.5,31.3,31.2,28,33.6,33.6
1985,8,32,31.5,32,32.5,32.6,31.2,31,31.8,32.6,32.5,35,33.5,34.2,33.2,32,33.6,34.2,33.8,32,32,32.5,32.6,31.8,33.2,30,30.6,32.5,32,32.6,32.8,32.5
1985,9,32,33.2,31.6,30.5,32,31.8,33.6,32.5,33,32.5,31.8,33,32.8,32.4,30.2,32.2,32.5,34,33.6,30,32.3,32.4,32.4,30.6,32,33.5,33,33.7,32.6,31.6,
1985,10,32,32.8,32.4,32.8,33,34,34,32.6,32,34,33.4,33.8,34,34,31.5,26.6,30,30,31,31,30.6,29.9,29.6,30.4,31.2,29,30.5,28.5,31.6,30,30
1985,11,30.4,30,31,30.1,29.5,30,30,29,30.1,29,30,28.6,27.6,28,30.2,31.4,29.6,30.5,29.2,28,28.6,28.7,28.6,28,27.6,27.8,27.6,27.7,27,27.6,
1985,12,27.7,27,26.4,26,26.5,26.8,27,27.4,27.5,26,25.7,26.5,25.5,27.4,27.6,27.6,27.2,27.6,26.7,26.4,26.2,27,27.5,28,27.8,27,26.6,22.5,22.7,22.6,22
1986,1,22.6,23.4,23.1,21.2,23.4,23,25,25.6,25,26.5,25.7,26.5,26.8,25.7,21.5,22.1,23.6,24.5,24.2,25,26.7,27,26.5,27.4,26.4,26.6,26.8,28,27.5,29,29.4
1986,2,26.5,26.2,26.2,26,28,28,27.7,28,28.6,29.6,29,28.2,28.4,27.2,27.2,26.6,26,26,27,28.1,29.2,30.6,32,28.5,29,29,28,29,,,
1986,3,28.2,29.7,30,30,31,31.8,30.2,33.6,33.8,34,36,36.5,37,36.8,37.6,33.5,33.2,34.4,34.7,35.8,34.2,35.4,37,37.2,34,35.6,36.5,37.5,40,41.5,38
1986,4,37.5,36.3,32.5,30.2,29.4,32,35,35.2,32.5,33.5,34.6,36.4,37,39.5,40.6,40.4,40,41,38.6,35,31,35,35.2,28,32.4,36,32.2,33.5,31.8,31.6,
1986,5,33,34,35.9,30.6,34.5,27.6,32.1,33.5,35,36.5,37,33.5,34,34,32,29.6,28.4,31.5,28,32.8,32.7,36.6,38.8,39,40,37,35,35.8,36.8,37.2,37.6
1986,6,38,38.5,40,40.8,40.5,39.2,38.6,37,36.6,36.5,33.2,33.8,36,35.8,34.6,32.6,32.5,32.5,33,33.4,32.8,32.2,33,32.6,32,33,29.8,31.4,30.6,28,
1986,7,31.5,33.5,34,34,30,33.6,29.5,31.8,32.4,32.6,32.8,33.8,32.8,32.8,33.5,33.4,33.9,31.4,33,32.8,33.3,28.5,30,31,31.6,30.4,29.3,30,32,32.8,33
1986,8,31,31,30.5,33.2,32.8,28.6,33.5,33.5,34,35.5,34.6,34,32,33.6,33.4,33.8,34.3,33.8,33.2,32.3,33.4,30.2,32.4,34,33.2,34.5,34.5,34.5,34.8,35,33.8
1986,9,34.8,35.2,34.6,33.6,34.5,33,34.7,32.5,29,29.4,30.6,32,33,32.8,32.8,32.5,33.2,34.6,34.1,33.5,32.8,31,31.4,29.7,27.2,23.6,24.9,23.5,25.6,27.7,
1986,10,30.5,31.6,30.5,30.5,30,29.1,30,26.8,28.2,30.5,32.1,32,31.5,31.4,31,30.5,30.8,30.5,30.6,30.6,30.8,30,30.1,30.5,30.2,30.2,30.6,29,30,32,31.2
1986,11,31.5,30.5,30.3,30.2,28.2,30.5,29.6,31,23,28,27.3,28.5,27.6,28.1,28.5,26,29.2,30.5,28.6,28.2,27.6,28.4,28.8,29.1,28.3,28.8,28.4,28,27.8,27.6,
1986,12,27.5,27,26.9,27,27.4,26.5,26.3,27.1,26.5,26.3,27,27.5,25.8,26.3,27.7,25.6,25.5,29,26.3,25,23.8,23.3,24.6,24.8,24.4,25.4,24,20,24.2,23.6,24
1987,1,22.9,22.4,22.6,24.2,24.2,24.8,26.2,25.8,26.4,26.8,27.8,26.5,26.2,26.6,27,25.2,26,27,25,21.2,19.6,20,25.2,24.4,24.9,25.8,26.4,27,27,27.7,28
1987,2,28.5,29,28.2,26.3,24.7,25.8,26.8,27.6,27.6,27.3,28.8,28.6,30.2,30.6,31.1,30.8,30,30.2,30.8,31.1,31.6,31.6,32.5,32.4,33.1,33.5,24.3,29.7,,,
1987,3,28.2,29,30.2,30.6,29.7,32,32.5,34,30.7,30.6,29.4,28.8,27.5,29.8,31.8,34.6,35.2,35.5,34.8,36.6,34,35.6,36.4,35.6,36.4,38.6,38.6,37.6,36.6,33.6,38.1
1987,4,37.7,40.1,40.7,41,40.6,39,39,40.2,37.1,35.7,35.7,****,38.6,38.2,39.2,38.5,38.5,38.4,34.6,34.6,37.2,38,30.5,31.4,28.5,28.2,27.6,29.2,33.2,31.8,
1987,5,29.5,31.5,27,30,31.5,32,30.2,34.8,36.2,37,38.1,38.8,39.5,40.5,41.4,41,41.5,41.4,42,42.5,38.6,38.5,36.5,40.2,39.8,39,37.7,37.6,34.6,35.8,36.5
1987,6,36,35.5,35.4,34.5,34.2,38.2,35.5,33.2,34.5,34.5,33.4,38.2,40.1,36.8,****,****,****,****,****,****,28,30.5,31.5,33.8,34.2,34.6,34.8,34.4,34.2,34.9,
1987,7,34.2,26.8,32.3,33.8,31.6,30.5,31,31.5,32.7,32.4,32.5,31.5,29.8,33,32.8,33.8,32.8,33,31.6,31.6,32.6,32.6,32.8,28.2,30.1,28.6,31.8,30.8,32.6,32.1,26.8
1987,8,28.2,29.1,31.5,32,31,32.5,34.5,33.5,32.5,31,29.2,31,32.5,32.6,32.5,32.5,34,34.2,35,29.4,32.3,29.6,33.1,38,29.5,29.7,29.8,30.2,31.5,32.7,33.5
1987,9,31.8,31,32.5,31.5,32.6,33.2,32.7,31.9,32.8,31.3,29.2,32.2,32.6,33.6,32.9,33.8,33.2,33.2,31,32.8,33,30.3,29,29.8,28,32.8,34.5,33.4,32.6,33.2,
1987,10,33.6,34.5,34.2,34.6,32.6,32.5,32.5,29.2,29,32.4,33.6,33.6,33.7,32.9,33.6,34.4,33.2,33,33,30.3,30.4,29.8,30,30.7,31.2,32.3,31.4,30.6,31.4,31.9,31.4
1987,11,32.3,31.4,30.9,27.8,29.9,29.8,30,31.2,31.3,30,30.2,32.4,29.2,26.8,26.1,27,28.8,29.2,28.2,27.6,28.6,28.8,29.1,28.3,28.6,28.4,28.6,28.6,28.6,28.5,
1987,12,28.5,27.6,27.9,28,27.6,27.3,26.8,27.8,28,28,27.3,27.4,21.5,24.2,24.9,25.2,25.6,27.4,26.8,26.7,27,26.6,26.2,26.1,25.5,26.4,26.2,25.4,24.4,25,25
1988,1,25.6,25.3,26.4,25.6,27.8,26.4,26.2,26,24.5,25.8,26.1,26.8,27.5,25.1,26,26.6,26.6,25,24.5,25.5,25.5,26.8,27.6,27,26.6,24.3,23.5,24.3,25.2,26.2,26
1988,2,27.2,27.2,27,27.6,27.9,28.4,28.9,29,30,30.6,30,29.8,31.2,27.2,28.9,28.1,27.5,29.2,28.2,29.4,30,31.2,28,26.9,27.1,28,29.5,30.2,31,,
1988,3,29.5,30.2,30.5,29.6,31.6,33.3,34.8,31.1,31.7,33,34.3,29.8,32.5,29.7,31,32.3,35.2,36.4,27.6,29.8,29.6,31,33.3,34.1,34.9,36.4,35,34.1,33.4,35.8,36.8
1988,4,37.6,37.9,38.4,39.5,39.2,42,41.2,41.1,40.4,40.4,41.3,40.9,41.5,39.5,37.1,31.2,31.6,32.2,33.6,33,34.2,34.4,32.9,33.6,35,32.4,****,36.8,30.7,34,
1988,5,34.3,35.5,35.6,33,35,33.6,33.4,34.6,38.9,40.4,38.7,37.7,31.7,31.5,30.9,30.2,31.2,33.5,34,32.1,32.6,33.7,35.3,35.3,35.7,36.1,37.6,36.1,30.6,28.3,31.2
1988,6,33.6,35.4,35.8,36.7,36.8,38.3,34.9,32.3,31.4,30.7,30.1,28,26,27.9,28,29.7,32,30.2,32.7,33.3,33,32.1,27.8,32.2,33.4,32.7,31.1,30.7,31.1,34,
1988,7,30.1,32.5,32.6,30.3,31.1,31.5,31.8,30,31.8,30.7,28.2,32.1,33.2,33.5,33.5,34,32.2,32.3,33.7,34,33.1,33.2,33.1,33.4,32.5,32.6,30.9,32.9,33.1,33.8,33.3
1988,8,33.8,33.5,31.3,33.7,34.2,34,32.5,31.5,****,****,32.8,31.6,30.7,32.8,33.2,33.8,31.5,32.5,33.4,33.5,33.7,31.3,33,31.1,31,30.9,31.4,31,28.8,33.6,34
1988,9,33.6,32.9,32.7,33.1,33.4,31.6,32.4,30.2,31.8,30.8,34.3,34.1,34.7,34.2,34.4,31.6,32.1,33.5,35.5,35.2,34.6,33.5,33.6,34.6,35.4,33.6,34.7,35.8,34,33.5,
1988,10,33.5,30.8,33,33.8,33.1,32,32,32.3,31.8,32.2,33.2,33.6,33,33,32.5,32.7,32.7,33.4,29.2,30.8,31.7,32.8,32.2,32.2,32,32,32.1,32.5,32.6,32.8,33
1988,11,33.8,31.4,31.3,31,30,30.4,30.1,30.7,31,31,32.2,32.3,31,31.3,30.4,30.3,30.4,31,30.2,31.1,30.2,30.1,29.9,30,30.3,28.6,28,20.7,19.9,24.4,
1988,12,26,27.3,27.8,27.3,27.6,28,26.9,26.4,26.4,27.3,27.2,28,26.1,26.5,25.8,26.8,26,26.7,25.8,25.7,27,26,27.1,26.2,26.5,27.6,25.5,24.8,24.4,25.2,26.2
1989,1,26,25.9,26.7,24,24.5,25.2,26,26.4,25.2,26.1,20.5,20.6,20.5,22.4,22.5,22.8,22.8,23.2,23.1,23.4,23.4,23.7,24,24.1,24.6,25.6,25.6,25,24.8,25.4,25.5
1989,2,26.4,28.3,28.4,26.3,29.5,30.8,30.6,29,28.4,27.9,25,25.7,26.6,29.1,29.3,29.6,30.3,29.1,26.2,23.4,24.8,26.6,25.6,26.4,28,29.8,31.5,33.7,,,
1989,3,34.1,34,32.5,30.4,31.5,32.2,33.8,33.3,34.1,32.2,25.7,29.3,31.9,33,33.4,34,33.6,33.5,34.2,35.4,35.4,37,37.9,37,35.6,37.1,37.4,33.1,27.8,32,34
1989,4,35.2,38.8,37.3,37,36.6,35.8,36.2,38.2,36.5,40,38.9,****,39.5,39.5,40,41.2,38.1,40.1,41.1,42.6,42.1,42,42,42.7,41.2,42.2,39.6,37.2,40,35.5,
1989,5,37,38.2,43.3,41.7,43.6,43.2,43.7,43.2,41.4,40.9,39.3,38.5,36.6,31.8,36.1,28.4,28.5,31.2,34.7,35.5,32.6,35.7,35.5,37,33.6,32.8,27.1,33,33.5,30.5,34.4
1989,6,34.4,34.5,33.4,29.6,35,35.3,33.2,35.5,35.2,35.5,36,34.1,31.6,29,28.4,34.1,32.4,33.2,33,32.5,30.5,29.8,33.3,33.9,33.5,33.8,32.6,32.9,33.3,33.4,
1989,7,31.6,31.5,28.8,30,30.4,30.5,31,33.6,33.3,34.6,33.2,32.7,31.5,29.3,32.7,32.6,33,33.9,33.8,34.6,33.6,33.5,36,33,34.1,34.2,32.4,29.5,29.9,26.4,26.4
1989,8,27.7,31.2,31.8,31.6,32.9,30.5,33.4,33.4,29.3,32.8,33.3,31.6,32.8,34.5,33.8,32.5,32.2,33.9,34.2,34.7,33.5,32,33.4,32.3,33.7,33.8,34.4,34.6,35.4,35.2,32.4
1989,9,32.2,34,35.2,33.5,29.2,34.2,34,33.5,34.4,30.1,33.5,31.5,28.8,30.5,33.8,33.9,33.4,31.8,32.8,32.9,29.5,31.6,33.8,32.8,32.4,28.5,29.5,30,31.5,32.6,
1989,10,33.9,34.4,34,34.5,34,31.4,33.2,29.7,33.4,30.2,31.4,31,32.3,32.6,33,34,31.8,28.8,32.4,30.2,31.4,31.5,30.4,31,31.4,31.4,33,31.9,31.4,30.9,31
1989,11,29.4,31,31.1,32.4,31.7,31.2,30.6,29,28.6,28.8,29,29.5,28.8,29.4,30.8,32,31,28.4,28.6,29,29,28.6,28.2,28.5,28.5,29.6,29.5,27.4,28,27.8,
1989,12,27.6,28.3,27.5,27.4,26.4,25.7,26,26,26,25.6,26,25.8,26.1,25.6,26,26.6,26.7,26.5,26,25.6,26,27.4,20.5,21.7,22.8,17.1,21.8,21.5,21.8,22.3,20.8
1990,1,21.4,21,21.3,23.9,23.5,23.5,24.5,23.8,24.8,21.9,21.4,23.4,24.8,24.6,25,25.5,25.4,26,26.3,26.6,28,28,27.8,28.5,28.6,27.6,28.4,29,29.7,28.6,28.4
1990,2,28.8,29,27.4,27,27.8,28.2,28.4,29.2,30.5,28.8,27.5,29.1,30,21.6,24,27.4,26.7,28.4,25.4,27.8,28.2,27.2,27.7,28.4,27.4,26.4,28.8,29.4,,,
1990,3,26.3,28,26.6,27.8,28.5,24,28.2,30,30,29.6,28.7,27.6,27,29,30.6,31.2,32.4,34.2,34.4,36,36.4,34.2,33.9,29.4,26.4,30.1,29.2,25.4,27.6,33.5,35
1990,4,31.5,31.5,30.5,25.6,27.6,29.5,31.4,33,36,36,37.4,37.6,37,39.4,38.5,****,38.4,39,38.6,37.5,39.4,38,39,38,33.5,32.2,30.4,33,31.2,33.4,
1990,5,32.2,34.5,34.5,34,32.2,34,34.6,35.2,35.2,34.8,34.3,34.6,30.5,29.8,32.2,33.6,34.5,33.1,33.2,31,33.6,34.6,35,35.5,32.5,31.5,33,33.5,32.9,34.5,36.2
1990,6,29.9,36.2,34.1,35.4,35.2,33,34.3,34.5,33.4,33.4,34.7,31.4,33.5,32,34.1,34.4,35.4,34.4,33,32.2,32.5,33.4,32.5,34,34.4,34.7,31,32.6,33.8,32.6,
1990,7,33.5,33,28.5,31.5,32.4,33.2,32.2,29,31,30.2,33.4,32.2,30.2,32.2,33,33.4,32.6,33.7,32.2,32.8,32,33,33,33.2,32.8,33.5,32,32.4,32,31.2,33.2
1990,8,32,31.6,30,32.1,34,32.8,33.8,33.9,34.4,33.8,33.2,33,33.4,33.8,32.2,32.6,33.9,33.7,34.5,36.4,33.4,34.2,34,33.8,32.4,32.3,33.6,33.5,33.8,34.6,35.8
1990,9,35.9,33.5,32,32.2,33.1,34.2,33.8,33.8,34.3,33,33.5,34.5,32.7,33.5,34.3,33.8,32.8,32,32,32.4,34.2,34.3,33.8,31.8,32.8,30.3,32.4,32.2,31.8,29.4,
1990,10,31.8,29.5,29.5,30.4,30.6,33.2,33.2,28.4,26,27,29.9,31.2,26,31.2,26.4,30,31.5,30.8,31,31.4,31,31.6,31.8,30.8,30.3,30,31.2,31.2,30,30.2,30.7
1990,11,30.4,29.8,30.6,28,29.6,30.2,29.8,30.6,31,31.9,31,31.5,32,32.7,31.4,30.6,30.6,30.4,30,31,30.6,30.5,30.7,30.3,30,28.8,28.6,28.9,28.4,26.8,
1990,12,27.5,28.5,29.2,28.5,27.8,28.5,28,27.8,28,28,27.8,27.2,26.7,26.8,27.5,27.4,24.7,26.8,26.5,26.5,26.2,25.4,26.4,25.6,25,25.4,25.6,25.8,27.1,27.2,27.4
1991,1,25.4,21,20.5,20.4,22.8,24.2,23.8,25,24.2,21.6,24.2,21.4,23.5,23.7,23,22.4,24.4,24,23.2,22.2,23.6,25,25.1,25,24.3,25.5,26.2,28.2,28.8,28.1,29.3
1991,2,28.2,28.4,26.4,25.4,25.4,26.3,27.5,28.5,29.2,29,29.6,31.5,31.2,29.6,29.5,28.4,29.2,28,31.5,30.4,30.4,31.7,32.5,31.8,34,33.4,29.8,30.6,,,
1991,3,27.8,29.6,30.1,31.8,32,31,30,31.6,32.8,34.4,35.6,36.6,33.4,33,33.5,35.2,36.5,37,38,38.7,37.5,35.8,35.6,27.5,31.4,33,35.6,36.4,37.2,32.2,33
1991,4,36.8,40.2,35.7,39,38.4,35.6,31.6,36.6,36.2,31.6,35.6,****,****,33.5,38.2,38.6,38.2,37.5,38.6,39,39.6,39.6,37.6,35,39.4,39.3,38.5,35.6,29.4,38.6,
1991,5,39.6,37.7,39,36,36,33.6,38.5,40,40.2,38.8,36.1,38.2,38.7,34.4,34.2,31.2,35.1,34,30.4,32.4,32.5,32.2,34.6,35.7,33.5,31,32.8,33,33.6,34.7,34.4
1991,6,34.2,32.8,33.2,33.5,32.5,28.8,32.3,33.5,29.8,34.1,34.2,32.9,33,33,32.2,35,33.8,32.2,32.8,35.2,35,34.6,34,35.2,34.8,34.5,35,34.4,33.4,34,
1991,7,33,33,30.7,26.4,29.5,30.6,31.3,33.4,34.5,33,34,34.2,34.4,35.3,34.8,34.8,33.2,33.4,31.6,32,30.2,29.5,30,34.2,34.2,35.1,34.6,34.6,33.4,34,33.2
1991,8,33.2,34,30.5,33.5,33.6,33.5,33.6,33.7,34,34.6,34.1,32,33.6,33.8,33,32.4,32.8,33,33.6,36.1,32.6,31,33,34,33.5,32.9,33,32.6,33.6,34.6,33.5
1991,9,32.4,31,32,31.4,32.2,32.4,30,33,29.2,30.5,32,32,34,31.4,30.4,30.6,31.6,33,34.4,34.2,34.6,35.3,34.2,31.7,31.2,31,33.5,33.9,33.4,35,
1991,10,34.6,35,32.2,33,26.2,31,32.6,34.4,34,33.2,30.2,31,26.2,24.8,27.2,31.6,33,33,32.2,32.4,32,31.5,30.6,31.8,31.6,31.2,31,31.5,31.6,28.2,29.2
1991,11,31.2,32,30.4,31.4,30,30.4,29.4,29.5,30,29.5,30.5,30.1,29.6,28.8,28.2,28.4,28,29.4,28.5,28,27.4,27.1,27,27.5,27.4,27.6,28.1,26.6,26.7,27,
1991,12,28,25.8,26,25,25.6,26.2,26.1,27.4,29,28.4,27.5,27,27.1,24.2,26.8,25.5,26,25.8,26.5,25.6,26.4,25.6,25.4,23.8,17.6,17,18.5,19.8,20.8,20.5,20.5
1992,1,20,20.2,21,22,20,22.2,22.6,23.2,23.5,24.5,24.3,24.2,20,22.8,24.2,24.5,24.8,24,24,24.4,24.6,24.5,24.8,24.2,25.2,25.2,26.4,26.8,27.4,27.4,27.5
1992,2,25,25.6,24.4,25.5,26.2,26.5,25,22.8,24.3,23.8,23.6,23,24.2,27.4,26.2,24.6,26.5,26.2,25.5,27,27,25.2,27.6,27.3,26.6,26.6,27.2,26.4,28.5,,
1992,3,30.6,31.4,29,31.4,33.1,34.4,32,31,32,32.4,33.5,33.6,34.2,35.6,36.5,32.5,33,35,35.5,34,35.2,36.7,38.1,38.2,38.6,38.3,38,37.2,38.8,39.5,35.2
1992,4,36.7,36.6,37.5,38.5,38.6,38.6,38.3,39,39.6,41,41.4,41.6,41.8,42.7,41.7,38.6,40.2,39.4,38.9,40.6,39.6,42,40.6,40.1,38.2,39.9,36.4,31,32.5,36.8,
1992,5,35,31.8,26.7,31.2,31,37.5,39.5,40.6,38.2,39.4,39,39.4,40.2,39.4,34.4,38.8,37,38.6,38.2,34.6,32.7,31.4,32.8,34.7,31.2,27,32.8,34.5,33.6,39.2,40
1992,6,39.6,39.4,38.8,38.3,38.2,39.1,34.8,35.3,37.2,37.3,38,29.4,34.5,34,36.3,35.3,36.4,33.7,34.6,35.5,33.4,34.7,30.5,32,35,32.5,32.3,31.6,33,34.5,
1992,7,35.4,35.3,32.8,36.5,34.2,33.5,28.4,34.6,32.7,31.5,29.5,31,33.1,33.7,30.3,31,29,29.4,32,29,30.4,32.8,33.5,33.5,32.5,32.4,30,32.1,34.3,34.3,29.5
1992,8,32.6,32.4,32.5,33.5,34.4,27,30.2,32.2,32.1,31.6,33.7,36,35.8,34,32.7,34,33.3,32.8,32.5,34,33.2,34.6,32,34.7,34.4,33.4,30,33.1,34.4,34.8,35
1992,9,33.4,34.7,32.8,34.7,34.5,33.5,34.7,32.5,34.6,34,31.4,29.9,31.1,33.2,33.7,34,34.1,34.3,34.2,33.8,34.8,33.5,35.3,32.7,32.7,28.4,29.3,26.7,29.5,32.7,
1992,10,33,34.4,34.7,35,32.5,32.4,32.8,33,34.8,33.2,33.3,32.8,33,32.2,32.2,31.4,30.8,31.4,32.3,31.7,27.3,31.2,31.8,32.4,31.7,31,30.2,32,33.3,32.2,33
1992,11,32.8,32.4,31.1,31,31.7,31.7,30.2,30,30.5,31,29.5,29.8,30.9,30.5,30.3,30.2,30,26.5,29.1,28.8,30,30.1,30,24,27,27.4,27.5,28.2,28.3,27.8,
1992,12,26.6,26.3,25.7,25.2,27.9,25.7,25.8,26,26,26.2,25.9,26.2,26.3,25.8,25.5,25.5,25.2,25,25.3,25,25.8,25.1,25.2,26.2,26.6,26.2,25,25.1,26.6,25.1,24.6
1993,1,22.4,23.2,26.3,23.7,22,25,23.8,25,20.5,23.3,22.4,24,24.7,23.6,23.8,24.5,24.6,25.6,24.2,31.6,21.7,23.5,23.7,23.5,23.5,23.6,25,25.8,27,28.8,28.1
1993,2,29.2,26.7,27.6,28.5,28.2,28,29.2,30,30,29,29.3,30.6,32.3,32.4,29.4,31.9,33.8,33.6,34,29.8,28,27,24.6,27.5,29,31.1,26.6,29.6,,,
1993,3,27,30,31.2,31.7,32,31.5,31,31.8,32.3,34.1,34.5,36.4,36.8,37.3,36,35,33.9,33.8,34.5,35.1,32.8,30.3,29.4,30.2,25.6,24.5,27.1,30.4,32,32.5,34.8
1993,4,36.8,39,37.1,38,37.9,38.8,39.6,34.6,33,34.8,34.8,30.1,27.5,31.6,33,36,34.8,37.7,39.1,37.1,33.9,36.1,33.9,32.3,34.8,33.7,33.8,36.8,31.4,31.4,
1993,5,32.1,31.2,36,36.2,37.3,33.4,25.3,29.8,35.3,34.8,37.9,39.2,38.7,34.1,34.6,29.7,35.5,29.7,32.7,32.2,33,34.8,35.4,36.3,36.6,37,33.6,34,34.5,32.1,36.8
1993,6,31.2,35.5,36.6,37.2,35.6,37.6,35.5,35,34.3,35,34.4,31.1,33.3,34.5,34.2,31.2,29.8,25.8,32.5,33.5,33,32.2,32,32.2,30.4,31,33,31,34.2,34.2,
1993,7,34.2,30,33,34,34.4,32.2,32.8,32.8,31.5,31.6,31.5,34,33.6,32.5,29.8,29.3,33.1,34.6,34.4,34.3,32.3,28,29.5,30.5,32,33.2,31.6,33.6,34,34.2,33.5
1993,8,33.3,33,33.4,31.5,32,33,32,32.8,30.5,32.3,33,31,32.4,33.8,34,32.7,34.4,33.5,33,33.6,32.1,30,28.9,31.2,30.8,31,32.8,33,31.5,28.5,31.5
1993,9,30,30.7,29.7,31.5,32.3,31.8,30.6,32.1,33.4,33.7,34.9,33.4,31,30.2,31.8,33.1,33.7,33.7,34.3,29.1,31.7,31.8,31.7,30.4,31.5,31.4,31.4,31.5,32.1,33.1,
1993,10,32.9,32.6,33.1,32.5,32.5,33,33.8,34.4,34.5,34.3,34.4,33.7,32.8,30.4,32.2,32.5,32.3,28.8,30.6,31.3,32.5,31.5,31,29.5,31.1,31.5,31.2,31.3,30.3,31.3,29.9
1993,11,30.5,29.8,28.9,28,29.6,29.7,29.6,29.6,30.3,31,30,29.3,29.5,29.8,29.8,30,29.7,28.8,29.5,30.7,28.5,28.4,28.7,29,28.7,28,28.7,28.8,28.6,28.7,
1993,12,28.5,29,28.6,27.5,28.3,28.2,28,27.8,27.3,27.8,26.8,27,26.7,25.8,25,25.8,25.8,26.6,26.1,25.7,26.1,25.3,25.6,23.7,27,26.4,26.6,26.3,26.6,25.8,26
1994,1,25.8,25.2,26.1,26,26.2,26,26.3,25.8,26,24.8,26,26.6,28.2,28.2,20.2,19.4,21.3,21,23.2,23.9,25.2,25.1,24.8,25,25,25.7,26.5,26.6,27.5,18,22
1994,2,22.1,20.8,20.4,24.2,25.6,26.5,28.4,28.3,28.2,24.8,24.3,25,27.2,26.3,26.7,27.6,28.6,27.8,29.6,29.5,29.2,22.1,24.8,25,25.9,26.6,29,31.8,,,
1994,3,29.2,28.5,29.6,30.4,32.5,33.2,31.7,31.5,31.8,32,31.8,33.8,34.7,34,36,26.5,35.8,36.2,34.5,36.2,38,37.2,35.6,35.8,35.5,34.1,32.3,28.2,33.1,31.1,30.3
1994,4,36.5,33.6,27.5,30.7,33,35.6,37.4,36.2,36,37.3,37.5,****,38.4,39.4,39.6,36.5,33.2,34.6,36.8,37.4,36,29.9,32.8,37.5,38.6,38.4,36,38.1,38.5,36.6,
1994,5,35.5,36.4,39.8,42.2,42.5,42.5,42,39.5,33.6,34.8,35.2,40,37.5,39.2,36.5,34.2,33,30.1,32.4,31,33.2,33.9,33.8,32.8,31.8,33.5,36,38,****,37,36.8
1994,6,38,38.4,****,37.4,25,33.2,35,34.9,34.5,33.6,30,30.8,32.2,30.8,32.8,32,30.5,31.2,31,31.5,32.2,33.2,32.4,33.2,32.8,33.6,32.5,30.5,29,31.2,
1994,7,31.5,32.2,31.3,33,32,32.6,30.6,32.6,32.6,33.2,31.7,32,32,31,33,33.5,33.4,31.8,31,32,32.5,30.5,33.8,33.2,33.4,30.8,31.8,33,32.5,32.8,32.6
1994,8,34.4,34.6,32.4,33.5,32.6,33.6,34.2,33.5,33.5,32.4,31.2,****,33,31.3,30,34.2,33.2,32.1,32.2,33.4,35,31.9,31.1,32,30.2,34.2,33.4,33.2,33.2,33,32.7
1994,9,33,33.4,32.2,33.5,32.6,33,34,34.6,28.6,32.8,32.5,32.8,31.8,33.8,34,33,33,31.3,33.1,31,28.5,29.8,30.2,32.8,33.2,33.6,32.8,33.2,33.5,33.8,
1994,10,34.4,34.4,31.3,34,33.7,31.1,29.2,31.2,29.4,30.7,32.5,33,33.2,33.8,31.5,31,31,32.2,32.1,32.6,32.4,33,32.2,32.7,32,32.2,32,32.8,32.7,32,31.3
1994,11,30,27.7,29.8,31.2,31.5,30,30.2,28,31,30.5,31,31,30.7,28.8,28.4,28.8,28.7,28.5,28.8,28.7,29.6,30.2,26,23.2,26.5,26.7,27.8,28,27.4,28.6,
1994,12,26.2,25.8,27.9,27.5,27.4,28.2,27.7,27,26.6,28.8,28.3,24.6,23.8,25,25.3,25,26,26.4,25.7,25.6,25,25.4,25.2,27.2,26.5,26,24.6,24.5,25.5,25.6,24.3
1995,1,21,21.4,22.2,23.5,24.3,24,25.7,21.2,17.9,24.3,24.1,23.8,20,19.8,24,26.2,19.8,24.7,23.6,23.5,23.8,23.6,23.3,22.8,22.6,23.7,24.8,25.7,25.5,26.5,26
1995,2,26.4,26.2,26.7,28,20.5,25.5,26.3,25.7,27,26.8,26.7,27.6,27.6,28.8,27.3,26.2,26.6,26.5,25.9,28.6,29.6,29.6,24.4,25.8,24.6,26.8,28.2,29.5,,,
1995,3,31,30.4,30.5,30,29.5,30.7,24.8,25.9,28.6,24.2,23.7,32,31,31.4,32.2,33,33,35.2,35.4,35.7,36.5,36,36.8,****,39.8,37.1,34,31.3,35.7,35.4,36.3
1995,4,35.4,37,37,36.5,36.5,****,39.2,34.6,38.1,36.8,35.9,37.7,38.7,39.2,38.4,34.6,38.1,39.4,39.5,41.2,37.9,39.7,40,41.6,42.2,41.2,38.3,39.6,40.9,41.6,
1995,5,43.3,42.7,40.5,41.1,39.2,40.2,35.9,****,30.8,34.2,37,34.3,35,34.2,30.8,28.8,30.6,38.7,37.3,36,38.6,39.7,39.1,40.5,40.6,43,43.3,43,39.2,38.2,37.1
1995,6,37,38.6,37,34.9,34.5,32,32.7,31.3,35.6,36.5,26.5,32.6,33.4,35.1,35,35.5,27.2,28,33.9,31.2,33.4,32.2,32.2,32.8,33.8,33.3,33.8,34.2,34.3,35.2,
1995,7,33.9,31,29.3,29.8,28.4,29.5,31.8,34.2,30.6,30.8,32.5,34.2,33.4,32.5,33.2,32.6,32.4,33,31.8,33,31.6,30.2,31,31.7,32.2,34,32.3,32,32.8,33.2,31
1995,8,31.8,33.8,31.7,29.7,32.3,32.6,33.6,32.7,33.3,33,33.1,28.2,28.7,32.6,32.4,33,32.2,30.8,30.3,31.7,31.4,31.7,33.5,33,33.1,33,34.8,33.6,33.5,34.6,34.8
1995,9,32.8,33.2,31.2,32.6,30.5,31.8,32.3,33.8,33.6,34.5,31.2,34.1,34.5,34.5,33.4,34.5,29,32.4,31.7,33.1,32.5,30.6,32,32.3,33.2,31.4,26.8,27.5,30.7,31.3,
1995,10,32,33,33,32.8,34.2,32.8,32.4,29.9,31.4,32.2,33.9,34.2,33.6,34.3,34.6,34.5,34.2,33.6,33.3,28.5,31.3,31.2,31.8,30.5,30.8,31.2,31,31.6,32.4,28.5,28.7
1995,11,28.5,30.6,30,30.4,32.2,31.8,33,32.1,25.6,28.2,24.1,27.6,28.4,29.2,29.3,30.2,29.8,29.7,27.8,29.2,28.7,27.6,28.4,26.5,26.3,27.3,27,26.4,27,28,
1995,12,28.4,27.1,26,26,25.7,26.6,26.2,26.7,27,27.5,27.5,28.1,26.8,25,25.7,26.2,27,26.3,25.1,24.7,25,26.5,24.6,24.1,24.4,24.8,23.9,23.5,24.6,25.5,26.5
1996,1,26.4,26,25.8,25.4,23.2,25,25.6,26,26,26,26.2,24.7,24,25.4,23.2,22.8,22.5,23,22.3,21.7,22.4,22.6,24.1,26.1,23.4,23.5,25,25.7,25.8,23.5,24.4
1996,2,25.5,27,27.2,27.7,27.8,27.8,27.4,29.2,28.4,30.6,24.9,26.6,26.8,26.5,28.5,28.8,29,27.2,27,28.4,27.8,30.2,30.2,29,31.2,26.5,28.5,27.8,28.6,,
1996,3,29.4,30.4,31.2,31.3,31.1,32.5,32.5,33.5,34,33.5,34,34.8,37,35.5,37,36.8,35.8,37.5,36,36.7,36.5,34.8,35.2,33.2,34.8,29.7,31.3,33.4,35.8,38.2,38
1996,4,35.5,34.8,36.4,36.8,37,37,38.5,41.5,38.2,39,38,38.2,40,39.7,39.5,38.8,38.4,39.4,38.4,41.2,42,40.7,38.4,34.2,32,27,33,30.3,31.6,33.5,
1996,5,35.6,31.6,34.8,35.5,35.1,36,34.6,37,40.7,41.4,37.7,33.6,37.5,37.4,36.5,37,37,38.5,36.9,38,****,38.3,38.6,39,38,34.4,40.4,41,39.3,27.4,31.2
1996,6,36,32.4,33.2,29.5,31.4,33.7,28.5,32.3,33,35.3,36,35.5,36,35.7,35.5,36.5,35.5,36,33.4,31,30,30.6,27.9,27.5,32.5,32.4,34.5,34.2,32.5,29.2,
1996,7,32,33.5,35,35.2,29.6,31,32,33.5,34,32.8,31,31.2,34.8,34.5,33.4,33.8,34.2,32.8,34.2,35,33.8,32.6,33.2,33.3,32.2,30.5,31.6,33.5,34.4,32.7,30
1996,8,34.2,33.2,31.3,31.8,32.8,32.5,30,29.2,33,32.8,33.8,33,33.5,34.8,31.4,31.5,31.8,30.5,32,31.5,30.7,31,32.2,33.6,35.2,34.2,35,32.7,33,32.8,32
1996,9,29,33.4,34,31.6,32.8,32,32.8,32.8,33,34.6,35.2,35.4,35.7,35.6,35,34.6,35,31,34.5,34.2,31.5,32.6,33.7,35,33.2,33.3,31.5,29,33,34.4,
1996,10,34.7,34.7,31.8,32.8,32.4,28.8,30.8,31.2,32.4,32.4,31.4,31.5,32,32,32.2,32.6,32,31.8,31.8,31.7,31.7,31.8,32.2,31.6,32,32.6,28.9,23.5,23,27.3,29.5
1996,11,29.7,30,30.7,32.6,32.2,32.6,31.8,31.6,31,30,29.4,29.2,29.2,29.8,30,30,29.2,28.6,29.2,29.6,30.4,28.6,27,27.3,27,27.4,26.8,27,27,26.8,
1996,12,27.7,28,27.4,27.7,27.8,27.5,26.8,26.7,24.8,25,25.4,25.6,26,25.2,24.7,25.5,25.5,25.2,26.7,26.8,27.2,26.4,25.7,25.7,25.5,26.7,25,25.5,25.4,25,25.6
1997,1,25,25,24.5,25,25,24.8,24.6,25,25,26,25.8,24.7,25,23.8,21.7,24.2,24.5,24.3,24.1,23.4,20.5,20.6,21,21.4,22.5,22.6,23.1,24.6,25.2,25.5,25.4
1997,2,25.6,25.3,24,26,25.2,24.6,22.8,24.5,27,22.4,25.7,26.3,25.8,26.6,29.8,30.6,29.5,28.5,28.8,25,26.6,25.8,27.6,28.6,28.5,30.5,28.5,30.8,,,
1997,3,30.5,29.8,31.5,33,31.5,30.5,32.2,32.5,33.6,34.8,34.6,35.2,36,30.6,34.8,35.8,35,34.5,35.4,32,35,34.8,32.7,32.5,31.5,30.7,31,33.5,32,28.5,29.8
1997,4,31.5,34.4,29,31.3,31.5,33,33,31.3,30.6,31.6,26.8,31.7,32.1,33.9,33.4,33.4,35.3,37.4,****,36.8,36.4,36,27.6,33,32.3,27.5,28.2,28,32.5,33.1,
1997,5,35,34.8,37.2,38.6,38,37.6,35.3,34.6,35.7,38.2,40.2,40.2,39.5,38.7,38.7,39.3,35.2,37.1,37,38.8,39.6,35.8,34.5,34.7,34.7,31.5,32,33.8,33.3,31.8,35.2
1997,6,****,****,35,36.7,36.8,38.5,37.4,36.6,32.4,33.8,34.6,33.8,33.6,34.2,35.2,33.7,35.7,30.8,33.8,35.6,36.2,33.5,34.7,33.9,35.4,33.4,31.2,31.6,30.6,34.1,
1997,7,31.6,32.7,28.5,33.4,32.8,33.4,32.3,33.7,28.4,27.6,29.6,28.6,30.4,31.5,34.5,34.5,33.6,33.2,32.7,31.8,27.6,30.7,31.7,33.2,34.8,34.7,31.2,32.8,32.5,32.3,30.5
1997,8,33.2,34.5,34.6,33.6,30.6,32.8,34.2,35.5,32.8,33.2,30.5,29.5,31.6,31.2,31.5,33.4,32,33.8,32.5,32.4,31,32.7,32.1,32.8,35.2,****,35.8,32.4,31.2,29.5,30.2
1997,9,33,32.6,33.7,34.2,32.1,28.5,31.6,31.2,31.6,31.8,32,32.7,31.7,30.7,33,27.6,31.4,32.2,33.5,29.4,32,32,34,33.7,31.8,27,31,32.6,31.8,34,
1997,10,32.4,31.7,31.7,31.8,32,32.6,33,33.7,32.8,32,33.5,32.6,32.5,31.5,32,32.2,31.2,31.4,31.7,31.8,31.2,32.4,31.2,29.2,30.2,29.7,30,29,30,27.7,29.6
1997,11,30.8,30.2,30,30.8,31.7,32.2,32.6,32,26.7,30.5,30.4,30.5,25.8,28.2,29.4,28.6,28,27.6,27.8,28.2,28.7,28.7,29.4,29.6,29.3,26.5,29.4,28.4,25.6,26.4,
1997,12,26.3,25.6,25.2,23.3,26.6,27.5,26.8,27.4,23.4,18.4,22.6,24.4,22.7,24.4,21,24.5,24.3,23.3,22.1,23,19.6,18.5,22,23,23.7,19.8,22.4,24,24.8,21.8,24.5
1998,1,22.5,22,20,20.8,21.8,18.3,16.5,13.5,13,16,18.4,20,24.6,24.2,23.5,25.6,23.7,22.6,22.8,22.5,16,20.5,21.6,24,24.6,23.5,25.6,18.8,22.2,25,25.5
1998,2,24.8,26,28.2,25.7,26,25.2,21.8,26.4,26.3,26.5,27.6,27.6,27.2,29,30.2,31.7,29.2,29.4,30.3,30.2,29,27.4,28.8,28.6,25.4,27.5,27,28.5,,,
1998,3,28.9,28.1,29.3,30.4,30.6,30.4,27.5,27.2,28.7,30.1,32.8,29,30,31.5,31.2,31.6,32.5,32.2,32.6,33.2,34,35.6,31.2,27.4,29.7,32.7,33.2,33,34.8,26.8,25.8
1998,4,29.5,31.5,33.8,35.2,34.5,35,32.2,35,29.6,34.4,26.8,38,38.2,38,35.8,33.8,33.5,35,35.2,31.6,35.7,35.8,30,28.3,32.8,34.8,34.4,36.4,36,38.5,
1998,5,36.9,31.7,26.8,34,28.5,32.9,33.7,33.8,37.4,36,33.2,36.5,38.2,38.4,39.5,32.3,35.3,36,38.5,39,41.8,38.8,38.5,36.7,35.5,28.2,30,29.3,33.3,35.8,36.3
1998,6,36.2,36,34.5,36.7,36.8,****,38,40.1,42.8,42.2,37.1,36.2,35.3,35.3,34.3,35.8,37.6,37.4,36,35.3,32.2,29.6,34.1,32.7,33.8,34,33.5,32.2,33.9,34.5,
1998,7,33.8,34.3,32.4,31.2,31.8,33.2,31,32.5,31.5,33.8,33.7,29.4,32,30.8,31.5,31.3,30.4,30.6,32.5,32.7,33,35.5,35.5,34.8,34.7,35,34.5,33.4,32.8,34.3,34.3
1998,8,33.5,33.5,34.8,31.6,33,31,32.2,34.7,34.5,33.6,31.7,32,28.6,31.7,32.4,33.4,30.5,31.2,33,31,34.5,35,34.4,34.8,32,33.1,33.3,33.5,32.8,33.2,33.5
1998,9,31.9,33.2,32.7,32.6,33.3,29,32.4,31.6,29.3,30.1,28.8,31.8,33,33.4,33,34,27.7,34.6,34.7,31.8,32.6,33.4,34.6,34.7,****,36,35.4,30.2,32.8,34.7,
1998,10,31.7,33.6,31.6,32,34.2,33.8,34.8,35.3,35.2,35.5,34.6,35.7,35,33.6,32.4,32,31.7,33.9,32.5,31,31.2,32.1,26.6,32.6,33,33,32.3,32,32,28.3,27.7
1998,11,28.6,31.4,31,31.1,31.6,31.4,31.4,31.3,29.6,28.4,30.2,29.6,29.6,30.8,27.4,30.6,29.8,31.7,30.6,30.3,29.5,25,28.4,29.8,29.5,27.5,28.9,29.5,29.2,29.6,
1998,12,29.2,28,28.2,28,27.2,28.5,28.5,27.8,28,26.5,26.4,26.8,27.4,28.8,28.2,27.2,27.3,26.2,26,26.5,27.2,25.5,26.2,26.3,26.5,26.4,25.2,23.5,24.5,21.5,23.6
1999,1,24.5,24.6,26.8,26.6,27.5,24,25.3,26,21,22.4,19.5,23,24.8,24.7,25.4,23.8,22.8,21.6,21.4,24.6,25.5,26,27.3,28.5,28.2,26.2,25,26.2,27.2,25.6,24.7
1999,2,25.2,27.5,27.6,28.4,26.1,27,26.7,30,28.8,29,30,31.5,31,31,29,31,31.2,30.7,32.3,32,30.8,30.6,31.3,31.4,33.1,34.3,32.2,31.2,,,
1999,3,30.6,30.7,31.4,31.8,33.2,34.1,34.8,37,38.7,36.8,35.8,36.4,34.6,34.6,33.4,34.2,36.2,37.5,36.1,35.7,35.4,36.1,34,36.2,38,36.8,37.2,35.6,36.5,36.3,35.8
1999,4,37.7,39,38.7,38.9,38.7,37.3,35.6,37,28,32.9,35.7,34.3,37.2,****,39.8,39.5,39.4,39,****,36.8,36.8,35.5,38.7,40,41.8,40.8,40.6,39.6,39.6,38.8,
1999,5,37.5,38,37.6,39.3,37.3,35.5,39,35.8,28.3,34.4,30,34.8,29.8,30.8,30.6,33.3,34.4,34.8,34.8,33,34.3,36.4,36.6,34.2,34.8,35.5,32.5,32.3,30,35.8,39.8
1999,6,39.7,34.8,35,35.4,37.6,39,****,38.3,36.7,36,29.5,33.6,35.7,34,35.4,34.8,34.6,34.8,35.5,35.3,37.3,34,30,28.3,30.6,28.5,30.4,31.7,31,33.2,
1999,7,31.4,30,33.2,33.4,33.6,33.6,32.8,33.5,32.6,31.8,31,31.3,30.6,31.8,32.8,33.6,33.6,31.4,29.6,29.8,31,33.5,32.8,33.4,34.4,33.2,32.2,28.8,31.8,32,34.9
1999,8,35,32,32.2,32.7,33.6,32.6,31,32,32.5,33.6,33.3,30.6,30,31.8,28.7,30.2,33.5,32.9,32.4,32.5,32.4,33.4,33.5,31,30.5,30.6,32,31.8,31.3,31.5,32.5
1999,9,32.7,32.8,31.4,30.3,34.2,33.8,33.8,33.7,30.7,32.2,29.6,29.5,30.3,31.1,31.4,32.6,31.8,32.1,32.6,33.4,27.1,28.3,28,26.6,28.5,28.7,30.8,32.8,33.3,33.8,
1999,10,30.3,33,33,33,32.2,29.2,32.6,32.3,32.4,32.8,32.8,32.8,32.2,31.8,31.8,32.2,30.5,26.3,30.6,31.5,30.7,28.8,32.8,31.8,32.2,32.3,32.3,33.1,29.6,30.2,31.4
1999,11,32.5,31,31.3,31.7,31,31.5,30.8,31.6,31,30.6,30,29.6,30.1,29.8,30.2,29.7,30.1,29.6,28.5,27.6,27.3,27.6,28.6,28.5,28.4,28.6,28,28,28.4,28,
1999,12,27.8,28.4,27.6,29,28.6,28,28.5,28.7,28.3,29.1,27.2,28,28.3,27.6,26.3,25.4,26.5,27.5,27.8,27.3,25.5,25.6,25.5,26.5,25.2,25.8,25.8,24.5,24.9,18.5,22
2000,1,23.6,23,21.1,20.8,21.5,21.2,19.8,21.6,23.8,24.5,25.2,27.1,26.8,28.1,26.3,21.8,22.5,23,23.5,24.5,25.6,26.7,27.4,21,24.5,26.1,27.3,25.6,22.7,24.8,24.6
2000,2,26.2,21.7,24.8,25.1,20,23.1,22.2,25,21,24.8,24.5,22.5,25.5,26.2,25.4,24.7,26.2,26.7,27.2,27,22.4,27.3,28.8,25.8,27.3,26.7,27.8,28,27.5,,
2000,3,28.8,29.1,31.8,30.3,31.4,31.8,31.8,31.4,29.5,29.3,32.2,29.4,30,30.2,31.5,30.8,32.8,33,33,32.8,33.4,34.2,30.6,31.7,31.8,33,34.2,34.3,35.3,35.8,35.6
2000,4,37.6,38.8,38.3,38,39.4,39.5,37.2,38.8,39.2,38.4,36.8,32.5,34.7,32,31.7,32.7,35.8,33.6,34.6,34,30,33.5,32.3,30.6,30.3,26.6,29.3,30.9,35,34.7,
2000,5,36.2,26.5,28.3,31.5,34.6,34.5,33.5,34.3,35.1,36,35.7,37.5,38.4,34.5,36,34.5,35,35.4,33.4,30.7,33,32,29.4,32.3,33.3,34.3,31.2,31.5,31.7,30.6,32.8
2000,6,35.5,35.2,35,36.3,34,30.6,31.2,33.8,34.7,32.7,33.8,33.8,34.8,34.7,33.3,33,34.7,33.8,31.6,31.8,33.1,31.7,31.8,33.6,36.1,31.8,34.3,33.2,33.8,34.5,
2000,7,32.2,34.6,35,35.1,33.5,34,32.3,34.2,32.2,32.4,34.1,32.4,32.3,33.6,32.8,33.8,32.2,29.2,29.6,32,32.8,30.2,28.8,33.3,32.2,33,32.8,31.8,34,34,34.3
2000,8,31.6,32.8,33.4,33.8,34.8,34.6,35,34.3,30.3,32.3,32.5,31.7,32.8,33.7,34.1,32.4,33.8,33,32.7,33.5,33.4,34,33.5,33.5,35.3,34.7,33.3,34.5,33.4,33.4,29.2
2000,9,30.1,30.2,33.2,31.8,33,33.5,33.4,30.6,33,32.2,32.8,34,34.6,31.4,32.2,33,30.7,27,24.6,24.5,25.6,25.6,27.7,31.8,32.2,33.6,34.2,33,33.5,33,
2000,10,31.8,30,33.4,34.2,33.4,34,34.4,33.8,34.8,33.4,33.8,33.8,33,33.6,34.2,34.2,34.4,33.4,34.2,34.2,31.7,29,30.5,32.6,31.7,32,26.8,22.8,25.2,30.3,30.4
2000,11,31.3,31.8,32,31.2,31,31.5,32,31.6,30.6,31.8,30.5,31.2,29.7,30.6,30.6,29.6,30.3,30.4,29.8,31,28.5,29.4,30,29.8,29.1,28,28.4,28.8,28,28.4,
2000,12,26.1,25.5,25.8,26,26.5,26.5,26.6,26.3,26.3,26.8,25.8,26.2,23.5,25.7,25.7,26.3,26.6,27,25.5,26,25.5,26.5,27.2,27.3,26.3,26.1,26.5,26.3,26.2,25.4,26.4
2001,1,25.5,25.8,24.5,21.5,19.1,20.6,22.5,23.2,22.4,23.4,22.6,22.4,22.5,24,23.7,24.9,25.6,25.6,25.5,26.2,25.8,28,27.6,25,23.4,23.5,23.8,24,25.6,25.8,27.4
2001,2,28.7,27.6,26.5,24.5,24.9,25.3,26.7,27.4,27.1,26.5,27.5,28.2,29.2,29.8,30.7,26.5,30.6,30.7,31.2,30.2,28,29.6,30.7,30.3,30.4,31.6,30,31.4,,,
2001,3,28.7,32.5,30.2,30.6,24.6,32,31,32,31.8,32.6,33.8,33.4,33,33.4,34.5,35.4,34.6,35.4,35.5,36.7,37.9,35.8,32.8,35.6,34.8,36.2,36.7,37,36.5,33.5,32.8
2001,4,34.5,35.2,37.3,37.9,38.7,37,39.8,38.7,38.6,40,38,37.6,34.8,26.5,33.7,33.4,36.3,34.3,36.5,38.1,37.6,37.6,39.2,40,39.6,38.8,38,39.8,38,33.6,
2001,5,32.5,32.7,29.7,32.4,31.8,29.3,29.6,29.5,30,28.6,28.4,31.5,34,35.3,35.6,35.5,36,36,37,36.2,34.5,35.5,36.5,33.3,33.2,31.5,31.7,33.7,34.5,32.8,34.5
2001,6,33.2,34.5,31,29.2,34.4,34.2,31.5,34.9,35.2,34.3,34.5,34.2,32,27.7,29,30,31.6,29.3,32.3,32.6,34,33,32,31.5,32.8,33.4,32,34,33.2,32.8,
2001,7,32.6,33,33.4,34.4,34.5,34.2,34.2,34,32.7,30.2,32.4,33.1,32.4,31,33.2,31,31,32.8,32,32.3,32.3,32.8,34,34,33.4,34,34,33.7,28.6,31.6,30.5
2001,8,33.9,32.2,33.5,33.8,32.2,33,33.5,33.6,33.6,34.6,34.4,34.5,35,33,33.5,33,34.3,34,34.2,34,34.3,34.4,34.3,32.8,34.2,31.5,33.7,34.4,29.6,32.8,32.8
2001,9,33,33.5,34.2,33,31.2,32.6,30.6,32,30.8,30.3,32.5,32,33,33.8,35.2,34.4,31.8,30.4,32.8,34.6,33.8,34.7,35.3,34.2,34.2,35,35.5,33.6,35.4,33.1,
2001,10,30.3,31.6,29.6,30,30.8,32.1,33.7,34,33.4,32.7,33.2,33.6,32.6,33.6,32.7,32,31.8,30.2,31,30.5,32.2,33,32.8,32,32.5,32.5,32.4,31,32.2,28.8,30.5
2001,11,30.6,31.4,32.3,31.8,33.2,31.8,29.2,29.2,30,29.5,28.7,27.8,28,30.6,30.6,30.8,30.4,30.8,29.1,29.3,29.5,29.6,28.3,29.4,27.8,29.5,29.6,28.8,27.3,27.1,
2001,12,25.8,27.5,26.1,25.8,26,25.8,24.5,24.2,27.1,21.6,25.2,19.8,21.3,25.5,25.6,25.5,23.5,25.3,25,23.4,21.5,25.2,26.1,26.2,25.7,26.6,26.2,26.2,26.2,25,25.2
2002,1,24.3,24.6,25.2,26.5,25.4,25.8,26.4,26.4,25.6,25.6,26.3,23.8,25.5,25.2,27.3,27.2,24.3,25.6,28,25.3,26.5,24.2,20.7,23.4,24.3,25.6,26.3,18.5,23,24.5,23.5
2002,2,26,24.8,26.2,25.8,26.2,27.6,28.5,24.6,30.2,29.4,29.7,27.5,27.6,26.6,26.8,28.4,29.7,31,30.8,31.4,32,31.2,30.6,32.7,28.4,29.8,29.2,30.3,,,
2002,3,31,32.4,28.8,30.2,28.8,29.8,30.8,31.8,32.5,34.5,35.3,32.4,31,34.6,32.8,33.8,34.2,35,34.8,36.9,37.3,35.6,36.6,36.2,35.3,33.7,30.4,31.8,34.4,32.2,34.2
2002,4,33.6,27,26.8,29.8,32.6,33.3,33.4,35.5,33.8,36.3,32.2,30.6,32.2,34,33.6,34.6,34.2,36.4,37.9,36.5,35.8,32.8,33.5,34.8,34.6,36.6,32.4,35.2,33,33.4,
2002,5,34,30.7,33.2,32.2,29.7,25,31.2,32.8,32.8,33.6,29.7,35.2,35.5,35.4,29.5,34.4,35.5,36.5,32.6,39.2,36.6,37.2,33.4,31,32,29.3,29,30.6,33.6,34,34.6
2002,6,34.6,35.6,35.8,35.8,33.4,35,33,34.1,35.8,33.6,32.2,29.8,29.4,34,34.4,34.8,34,31,34.6,34.8,33.8,30,31.2,33.2,32.2,32,33.8,35,34.7,32.3,
2002,7,32.4,32,31.6,31.4,31.4,30.2,33.6,36,34.5,32.5,37.2,37,36.3,30.9,33.2,34,32.6,34,34.5,30.5,28.3,28.2,32.3,34.8,34.3,36.3,35.4,35.4,32.6,33,33.2
2002,8,33.5,31.5,30.5,32.3,34,34.8,34.3,35.3,34.2,34.8,32.2,30.7,29,30.6,31,31.7,31,33.4,32.6,28.4,31.6,34,32,33.7,33.2,34.4,33,33.1,33.8,33.7,33.8
2002,9,34,34,34,31.7,34,31.8,35,34.8,32.7,31.8,28.8,33.6,34.2,34,34,34.6,35.2,33.5,34.6,35.3,33.2,33.5,30.6,30.7,31.2,33.4,28.6,33.6,33.2,34.2,
2002,10,34.4,34.1,35,32.2,33.4,33.5,34.4,33.6,30.3,32.7,33.6,32.8,31.7,31.2,31.2,31.3,32,25.6,29.6,31.1,32,32.2,32.2,31.6,31.3,31.5,30.8,30.8,30.8,30.6,30.3
2002,11,29.5,30.3,31,31,30.7,30.4,31.3,31,31.5,29.8,25,22.7,22.5,27.8,29.2,28.8,28.8,29.6,29.5,29.2,27.7,28.6,28.7,29.2,29.6,30,30,30.1,29.3,29.6,
2002,12,29.4,28.5,28.7,28,28.5,27.8,28,27.8,27.4,27.4,27.3,28,27.5,27.7,27.4,27.8,26.7,26.6,28.3,22.2,24,19.4,21.9,22.1,20.3,21.8,24.2,23.7,22.2,20,18.7
2003,1,22.6,23.7,26.1,24.5,21.6,21.4,19.4,18.8,15.7,20.8,22.4,20.5,21.2,19.4,15.8,16,22.6,24,25,22.4,18.6,20.8,20,22,23.2,25.7,23.8,25.7,22.8,24.2,25
2003,2,20,26,26,24,23,26.4,26.5,28.2,29.2,29.2,29,26,26.8,26.5,28,28.8,28.5,28.8,26.5,25.8,27.2,25.8,26.6,28.4,30,30.5,33,32,,,
2003,3,32.5,33.3,35.8,32.4,25.4,26.4,29,30,29.8,31.5,29.5,20.5,25.8,28.8,26,30.8,26.3,31.4,33.5,31,33,31.8,32.6,33.6,33,34.5,32.8,33.2,34.3,32.5,30
2003,4,34.6,35.8,36.4,29.2,32.8,34.6,37.2,****,38.8,38.6,39,40.3,40.3,36.3,34.4,36.5,34.8,36.3,35.8,33,35.4,36.6,34.3,35.6,35.7,36.7,37.3,34.2,36,34,
2003,5,34,31.2,32.5,36.8,38.7,38.2,36.2,35,33.4,33.3,35,34,35.8,36.1,36,34.4,36.5,35.5,34.4,36.4,31.5,31.5,33.5,35,36,39.8,40.2,41.4,41.2,38.2,37.2
2003,6,37.3,37.5,38.6,38,32.2,34.4,35.4,35,29,32.6,32.2,35.4,36.5,35.8,35,34.5,34.5,32.5,32.4,33.5,28,26.8,31.3,32.5,35,35,33.7,32.5,29.2,28,
2003,7,33.2,33,33.7,33.8,34.8,33.7,34.3,32.6,34.1,33.3,32.2,34,33,30.8,33.2,32,34.6,34.8,34.5,34.5,34.3,32.7,34.6,34.6,34.2,32.8,31.7,32.8,31.5,28.6,32.2
2003,8,30.8,32,33.2,34.7,34.3,35,35.5,34.8,35.4,32.5,32,33.6,34,33.8,33.8,33.7,34.5,33,34.2,34,34.5,32.5,33,34,33.5,34.5,33.8,32,33,33.8,34.1
2003,9,31.2,32.8,32,34,33.5,32.8,30.4,31.2,33.5,34,33.7,31.8,34,33.1,33,33.4,34.2,33.5,33.5,31.8,34.4,34.6,31.8,31.4,31.8,32.5,32.5,33.2,32,33.3,
2003,10,34.4,32.2,33.6,33.4,29.6,28.8,25.4,25,26.7,26.4,32.2,32.8,32.6,32.2,32.8,33,33,32.8,32.8,33.2,33.2,31.2,27.8,27.4,26.4,27.3,28.4,30.4,31.2,32.2,32.1
2003,11,31.6,30.8,31.4,30.6,29.6,30.6,31,31,30.8,31,30.5,28.4,29.5,29.8,29.7,29.2,28.7,28.6,30.4,30,28.5,27.6,28,28.6,28.4,28.5,28.4,27.2,26.7,27.2,
2003,12,27.2,26.2,26.6,26.2,25.7,24.6,24.4,26,27,27.8,27.2,28.3,29,27.6,27,24.8,26.8,24.8,26,27,26.2,26.8,27.2,25.2,25,25.2,24.8,21.4,18.6,20.7,22
2004,1,19.4,15.5,13.1,12.6,14.7,18,23.4,21.7,18.6,23.4,25.4,24.6,22.6,23.3,23.7,24.4,25,25.8,24.7,26,21.6,24,23.8,23.6,24.2,22.4,22.2,22.8,23.2,25.2,24.5
2004,2,26.2,25.6,22.5,22.5,22.8,24.3,24.4,24.5,25.6,27.8,29.4,29.6,29.2,30,28.1,28,28.5,29.6,30.3,29.5,28.4,28.8,30.6,30.5,30.2,30.2,32,32,35,,
2004,3,33.6,31,30.6,31.5,31.6,32.8,29.5,29.8,33.5,28.5,30.4,32.5,33.7,34,35,35.7,35.3,33.5,33.4,36.5,34.2,37.5,39.6,39.7,38.2,38.8,38.6,38.7,38,35,38.3
2004,4,34.3,32.5,36,34,35.6,35.4,31.5,33.4,33,29,36.2,36,39.2,39.7,40.5,40.8,38.2,37.4,29.4,32.6,36,35.5,33.5,30.6,33.5,34.2,34.4,35.4,30.3,35.5,
2004,5,37.6,36.6,37.4,38.6,39.2,40,39.6,39.8,39.5,40.6,41.2,41.5,42.2,41.7,40.2,36,37.4,37,36.8,35,33,30,28.8,31.4,33.5,35.5,35.3,35.5,35.5,36.8,35.6
2004,6,31.8,33.7,35,33.4,35.2,28.5,34.6,35.5,35.5,35.3,34.3,34.2,32.2,32,31.5,33.7,33.8,31.6,32.8,32.2,26,31.4,34.9,33.2,34.5,34.4,36.6,36.6,35.7,34,
2004,7,35.8,33.6,34,33.5,34.6,33.4,29.7,30.3,30.8,33.4,33.3,29.5,33,32.6,32.5,31.6,32.5,33.3,29.4,33.4,28.2,32,32.6,31,32.4,33.2,33,32.7,32.4,32.8,33
2004,8,34.5,34,34,32.8,32.5,32.5,32.6,32,32.5,32.5,32.8,32.4,28.6,32.6,32.6,33,34.4,34,33.8,33,32.6,32.4,33.8,35,34,33.8,33.1,33.4,33.4,32.6,33.4
2004,9,33.6,34.5,34.6,33.4,34.4,33.6,34,32.3,31.3,32.5,32,26.6,25.4,24.6,25.8,25.2,29.3,31.6,31.4,33.6,32.5,32.2,33.5,32,33.2,32.7,33,32.2,29,33.5,
2004,10,35,34,33.6,31,30.8,28.8,26.5,27,29.3,32,33,33.5,33.6,31.5,30.2,31,30.6,30.5,31.5,31.5,31.8,31.7,31.5,31.5,31.3,31.4,31.4,29.7,29,29.4,29.8
2004,11,29.7,30,30.2,30,30,30,30.3,30.5,30.3,30.4,29.5,29,30.4,29.7,29.8,29.3,28,30.3,30.2,29,27.4,29.3,29.2,28.4,27.6,29.7,29.3,29,28.8,29.2,
2004,12,28.8,28.7,28.4,28.5,28.5,28,28,29,28,27.5,28,28.5,28.6,27.8,27.5,26.7,28,27.4,27.6,27.3,28.3,19.8,21.6,24.1,24.2,23,20.4,22.7,23.8,23.4,24.5
2005,1,25.7,26,25.7,25,26.4,25.4,25.4,25.3,24.2,24.3,23.3,23.4,23.2,24,24.4,25.4,26,19.6,24.4,22.8,22,22.5,18.7,21.5,23.2,24.6,24.6,22.5,22.6,21.4,25.2
2005,2,20.4,23.8,23,24,26.4,28.4,27.4,28.5,29.2,28.8,29.5,31.2,32.3,31.2,30.2,32,32.2,30.4,32.4,31.7,33.2,29,29.2,27.2,29.5,31,30.5,30.8,,,
2005,3,32.8,33.7,34.2,35.5,35,35.5,35.5,32.5,33.5,34.8,28.7,31.4,31.4,33.4,33.5,33,33,30.4,32.5,33.9,36,35,32.1,25.5,31,32.5,32.2,34,32.6,34,30.8
2005,4,33.7,34.5,34.2,33.2,33.6,33.7,36,35.4,34.5,34.7,35.7,35,35.8,37.2,38.4,37,37,36.8,36.5,36.7,37.6,35.6,36,35.3,33.6,38.6,38.6,38.5,37.5,32.2,
2005,5,31.5,32.2,34.5,33.5,31.4,30.5,32,31.8,33,39.8,39.4,38,39.8,35.4,35.8,37.5,36.8,29.2,37,30,33,30,31.4,35,38.2,38.4,38.3,38.4,38.7,39,39
2005,6,42.4,42.8,40.7,36.8,36.2,35.8,36.5,37,38.8,39.6,38.6,37,37.2,37,35.8,31.5,37,38.5,36.8,35.6,36,35.5,35.4,28.6,33.2,34,32.5,29,32,31.6,
2005,7,32.7,32.3,28,30,32.4,33.8,34.3,34,32.5,33.5,31.5,32.8,27.8,27.8,30.7,30,32,33.8,33.5,33.8,33.5,32.5,32.4,33,33.6,32,32.4,33.3,33,32.8,34
2005,8,34.6,34.2,32.4,32.4,30.9,31.7,31.9,32.8,30.7,29.9,31.4,32.3,35.3,34,32.8,33,34.6,32.8,33.6,31.5,32.4,31,33.4,32.5,34.4,35.5,34.2,35.6,36,34.8,35.5
2005,9,35.8,36.2,32.6,34.4,34.6,33,33.8,34.5,34,33,32.4,33.2,30.5,32.6,35,35,33.4,34.4,35.4,34.5,31.4,32.6,33.7,32.7,33.8,33.6,34.2,34.4,34.5,33,
2005,10,30.4,29,28.7,30,26.4,29.1,31.4,32.8,33,33,32.6,33.4,31,33.6,32.6,32.2,30.8,27.6,25.4,24,25.2,25.8,26,27.6,29.8,30.4,30.4,29.6,31.5,30.8,30.5
2005,11,27.4,28.6,29.3,29.6,30.3,30.2,29.8,30,30.8,30,29.2,29,28.7,29.4,29.2,30,29,28,28.5,26.6,27.7,27.5,27.8,27.4,21.8,25.8,25.5,27.5,27.2,27,
2005,12,27.3,27.6,27.8,27,26,26.5,27.4,27.6,27.3,27.3,27,27,26.5,26.5,27,27.8,27.4,26.8,26.4,26.7,27.2,22.4,27,27,24,26.1,25.5,24.8,24.8,25.2,25.4
2006,1,26.3,25.8,26.5,25.8,24.8,24.7,20.7,21.7,16.6,22,22.8,23.8,25.3,23,21.6,24.4,26,27.8,27.4,27.2,27.8,26.6,25.3,22.4,24.8,24.8,26,27,26.7,27.5,27.8
2006,2,29,28.8,28.4,28.8,27.8,28.2,29.2,30,29,30,28.4,30,29.4,29.8,32.2,34,32.8,33.6,33.2,28.2,31.7,34,33.5,35.2,35.4,35.4,36.8,33.6,,,
2006,3,32,30.7,31.4,32.5,32.5,34.5,34.6,35.9,34.2,35,22.6,29.6,31.4,32.4,34.2,29.4,31.8,31.6,32.2,32.5,35,36,34.5,35.4,37.5,39.6,37.6,34,36.4,35.8,36.5
2006,4,37.6,37.2,35.3,35.4,36.5,35.4,35.2,34,34.8,33.4,38,38.8,36,38,38,36.5,37,30.2,29.7,31.5,34.6,35.6,33,32,34.1,37,32,35.6,37,39,
2006,5,39,37.8,35.8,37.5,36.2,36.2,30.2,33,34.2,34.2,33.5,30,29.5,33.5,33.5,35.5,36.8,37.8,36.7,35,35.4,36.8,35.4,36,37.5,33.7,34.3,34.2,34.5,35.5,35.2
2006,6,29,33.4,30,35.2,33,31.2,32,32.4,30.8,31.4,36.8,37.5,36.5,35.7,35.2,35.5,34.8,34.5,36.5,36.2,34.4,33.8,35.1,34.8,34,35.2,34.2,34.2,34.3,35.5,
2006,7,36.4,34.8,33.4,33.3,35.4,33.3,31.8,31,32.7,28.7,30,32.5,34.5,35,32.7,33.4,34.2,34.7,33.2,31.8,33,32,33.8,35,35,33.5,31,33.5,32.8,31.5,35
2006,8,35.5,33.6,32.5,33.4,32.2,31.5,33.2,33.5,35.8,31.2,35.8,33.6,33.8,34.2,34.2,34,33.6,32.5,31.7,35.5,35.5,31.4,31.4,31.6,33.4,33.2,33.3,33.8,32.3,31.8,33.3
2006,9,33.2,34.3,34,32.8,33.2,33.7,35,34.6,32.8,34.6,34,34.2,33.5,34.5,34.6,33.7,34,35.2,34.8,28.5,26,26.3,29.6,30.4,30.6,32.4,33.4,35.5,34.2,34.4,
2006,10,33.8,34.5,34.6,36,33.4,33,33.8,30,33.5,34,34,33,32.8,32.8,34,33.7,34,31.7,32.5,31,30.2,29.6,30.6,31.8,31.8,32,31.6,32.3,31.6,31,30.8
2006,11,31.2,29.8,31.5,31.2,30.2,30.9,30.6,28.7,28.4,25.2,25.8,24.3,29.3,29.6,30.2,30.3,29.6,29.4,29.3,30,28.8,27.7,28,31,29,28.3,26.7,25.4,26,25.9,
2006,12,26.8,26.5,25.8,26.5,26.8,28,28,27.4,27.7,27.4,27.5,26.3,25,23.6,24.8,26.6,27.5,27.4,26.5,27.3,28.2,27.5,26.5,26.4,25.5,24.7,25.5,25.4,23.2,24,24.2
2007,1,24.3,23.5,23,19.6,21.2,18.3,24.3,25.2,24.7,25,25.3,25,23,22.5,22.5,23.4,24.4,24,24,25.5,26.3,24.7,24.5,24.5,25.8,26.2,27.4,28.3,27.6,27.5,27.5
2007,2,27.3,28,24,27.5,25.2,25,23,22.5,25.4,27,27.5,24,19.9,22.6,23.8,25.8,26.2,26.5,26.4,27,28,27.9,29.2,30.5,30.2,28,29.5,30.5,,,
2007,3,24.5,21.6,27,28,28.5,29.4,28.4,29.4,30.5,32.5,33.4,33.3,29.4,24.3,29.6,28.8,28.7,30.4,31.3,32.4,33,35.4,33.5,34.6,33.5,34,34.6,34.7,35.3,37,37.4
2007,4,37.5,39.4,38,37.8,37.2,37.7,36.5,37.4,37,34.8,32,28.5,31.2,33.5,35.6,36.8,33.5,34.6,36.5,36.3,33.4,35.6,39,35,35,33.4,31,34.6,36.8,37.8,
2007,5,38.4,37.2,37.5,37,39.2,37.4,36.7,34.2,34.5,34.4,35.8,30,35.3,32.5,33.4,33.6,35.5,36.4,34,35,35.4,36.8,37.8,38.5,36.5,36.4,35.6,37,38.5,39.8,40.2
2007,6,39.8,38.7,36.4,35.5,31.4,33.4,34,35.5,30,29.7,28.2,31,32.5,34.8,33.3,33,32.2,34.4,34,33.2,36.2,33.8,33.4,33.6,34.8,34.8,35.9,34.5,32,33,
2007,7,34.3,33.5,33.6,31,31,31.3,30.2,34.2,35.6,36.7,34.2,35.6,36.4,34.8,33.5,34.2,33.5,34.5,30.2,30.6,25.5,27.3,31.5,32.2,32,30.2,30.2,30,32.8,32.3,33
2007,8,30,31.7,34.3,34.4,35,33.4,33.4,34.6,34.2,36.8,34.2,31.8,29.6,31,32.6,28.2,28.4,32.8,33,33,34.5,34.5,35.2,33.5,34.3,34.7,32.7,34.3,33.5,34.5,35
2007,9,34.3,35.2,35.6,33.5,31.4,28.3,31.5,29.8,33.4,31.3,33.8,34.6,34,33.6,33,34.2,33.5,34.8,34,34.7,35.6,33.6,27.5,26.5,30.2,32.5,32.6,34.2,34.4,33.8,
2007,10,34.5,32.8,34,34.8,34.8,35.5,33.8,30.8,27.2,30,33.5,32.6,33.4,33,29.2,30.2,32,30.4,30,31.4,31.8,32.4,31.5,30.6,31.6,31.8,31,31.7,31,31.6,30
2007,11,32.3,32.5,31.5,30.6,31.5,30.8,31.2,31.2,30.5,30.7,31,30.3,30.2,30.3,23.7,26.3,27.5,29.4,30,29.5,29.2,29.5,29.5,30,29.3,29.6,29.5,27.8,28.3,28.8,
2007,12,28,26.8,26.2,26.8,27.1,27.6,27,26,25.8,26,25.5,25.8,26.5,26.5,27,25,24.5,25.6,25.5,24.8,23,24.2,21.9,25.6,24.8,24,24.6,22.4,23.9,25.3,24.4
2008,1,24.4,25.6,26.3,27.3,26,26,26,26,26.3,27.6,28.3,27,24.2,23.6,25,24.8,25.2,24.6,26.4,26.8,23.5,22.7,18,16,19.4,18.5,22.8,22.5,23.1,14.5,17.4
2008,2,20.8,21.3,22.7,24,25.9,28,27.9,26.4,21.8,24.2,23.6,23.7,24,23.2,23.8,24.4,26,26.8,27.4,23.4,26.5,27.5,29.5,30.4,30.4,26.5,28,28.3,29.8,,
2008,3,30.3,30.4,29.8,30.2,29.8,26.6,28.8,31.2,32.8,31.4,31.8,33,32.5,30.8,33.8,34,34.6,35.8,33,35.2,33.7,36.2,30.4,33.4,36,34.8,36.4,37.2,38.2,35.8,36
2008,4,32,30.5,34.4,32.4,32,31.8,32.5,34.2,36.2,37.9,39.4,40,37,33.8,35,35.4,36.5,37.2,38.9,39.4,39.8,39,38.6,39,38.8,38.6,38.3,37.2,37.9,36.6,
2008,5,36.8,37.3,35.5,35,38,33.4,36,35.7,34.8,35.4,35,36.5,37.2,36,34.4,36.8,33.4,36.8,34,34.2,34,37.6,34.8,33,32.8,33.2,35.4,37.5,37.8,37.5,36.4
2008,6,36,33,34,36,30.4,33.7,34.2,32.3,30.5,31.6,35,35,35.6,28.3,34.6,34.1,29.5,25.6,25.3,33,31.4,33.8,34.4,34.8,34.6,33.5,34,33,30.6,33.5,
2008,7,27.8,31.9,30.6,31.8,31.4,32.5,33.2,32,31.6,32.8,34.5,32.5,31.4,28.5,28.4,29.8,33.7,33.5,32.4,31,33.2,31.5,31,32,33.4,32.8,33.5,33.5,32.2,33.2,32
2008,8,33.8,34.7,32.6,33.6,34.5,34.4,31.8,35,33.6,31.3,31.5,29.4,29.8,33,29.5,33.5,33.6,31.4,28.8,31.7,33.4,34,35.2,34.3,33.5,34,33.5,33,32.6,33.5,35.4
2008,9,34.6,34,34,34.2,34.4,32.5,33.4,33.4,34.2,34.8,35,35.2,34.2,34,34.2,32,31,32.4,34.4,35.3,34.6,31.5,32,33,33.2,31.4,31.5,26.6,32.5,33.8,
2008,10,33.8,34,32.8,33.5,33.5,32.4,32.6,32,32.2,32.5,32.5,32.5,32.6,32.8,33.8,33,32.5,33.4,32.5,33.5,33.5,32.3,33.2,32,29.3,22.3,24.5,29,29,30.5,31.4
2008,11,30.8,31.2,31,31.6,31.5,30.5,31,32,31.2,30.5,31,29.8,29,27.4,28.7,28.5,29.2,28.8,29.5,29.7,29.6,28.3,28,27.2,28,27.8,29,28.7,29.2,29,
2008,12,28.8,28.5,28.2,27,28,28,28.2,28.4,29,28.4,28.3,28.7,26.8,25.3,24.3,17.7,20.2,18.7,19.2,20.4,20.4,21.8,23.3,24.1,24.5,25,24.2,25.2,24,25.6,25
2009,1,24.2,24,23.7,23.9,22.8,24.2,24.3,26,25.4,26.2,26.2,25.5,18.4,24.5,25,26,26.7,26.2,26.4,26.8,23.4,21.8,24.8,19.4,20.7,23.6,24.2,26.6,26.3,25.4,26.7
2009,2,26.2,25.5,26.2,26,28.7,28.3,29.5,29,28.2,28.5,29.3,28.2,26.9,28.5,28.8,29.5,28.5,28.2,29.4,29.8,30.5,32.5,32.5,33.8,33.8,33.2,32.5,32.7,,,
2009,3,31.3,30.6,30.5,31.8,35,34,33.5,35.8,35,28,34.4,32.8,31.8,33.7,34,32,35,35,35,35.8,35.7,30.2,33.7,35.8,35.8,32.8,32.6,34.2,34,32,34.4
2009,4,33.8,34.2,35.3,36.5,34.5,35.4,38.4,38.7,31,36.4,36.6,37.8,38.2,37.8,37.6,36.6,35.6,40.5,40.7,38.8,36.5,38.6,41.2,40,40.7,40.4,40.8,38.2,36.2,36.2,
2009,5,36,32.2,32.4,34.5,37.3,38,39.5,41.1,41.5,40.5,34.5,27.2,34.8,33.5,32.6,33,33,32,34.2,36.6,37.3,38.2,38.5,33.6,28.6,28.4,34,35,33,36.4,34.3
2009,6,34.2,36.5,34,35.2,36.3,36.2,37.2,39.5,38.3,36.5,35.7,36.7,35.5,36.8,37,38.5,38.3,38.6,39.5,37.5,37.4,38.2,38,38,38.4,36,36.5,36.3,36.2,29.2,
2009,7,32.8,32.5,28.5,34.6,35.5,34.3,32.5,33.6,32.2,33.2,33,33.5,34.6,34,30.8,33.7,34.4,35.6,35.2,35.2,35,32.8,35.5,36,35.8,31.4,31.8,31,31.2,31.3,36
2009,8,35,35.2,34,35,29.2,30.4,34.4,34.2,33.4,33.8,35.5,34.5,34.2,32,31,32.6,31.8,30.6,30.4,30.3,33.5,33.8,31.5,32.8,34.2,32.3,28,32.4,34.5,35,34
2009,9,35,35,33.2,33.3,31,30.2,33.4,32.4,29.3,31.5,33.8,34.8,35.5,34.8,35.6,35.5,31.5,34.3,33.7,35.7,34,34.2,33,32.5,31.5,34,35.2,35.4,34.2,34.4,
2009,10,34.2,34,32.2,31.3,30.5,29.2,32.4,31.8,31.7,33.5,33.4,31.8,32,32.3,32.8,31.8,32.8,33.5,32,31.5,31.2,31.6,32,32,31.3,31.5,31.5,31.6,32,30.5,30
2009,11,30,29.8,33.8,32.7,31.5,31.6,30.8,31.4,31.6,28.8,31.6,32.2,32.2,32.7,31.5,32.5,26.8,28,28,27.5,26.2,26.4,26.7,28.4,28.5,27.6,27.4,28.2,28,27.8,
2009,12,27.5,29.2,27.6,27,26.7,26.4,26.5,27.4,25,20,23.6,24.4,26.4,26.3,26,27,28,26.3,27.8,26,25,24.6,23.6,23.4,23.8,23.6,24.2,24,23,23.5,22.8
2010,1,20.4,23.2,20.3,19.5,21,22.6,24.5,25.6,24.8,23.8,20,16.4,16.7,23,23,14.4,16,15.7,19.2,19.8,24.6,24.2,24.8,24.8,27,27.4,25.8,25.5,26.5,26.5,26.7
2010,2,27.5,27.8,27.5,26.5,26.4,26.8,27.5,27,27.5,27,29.7,29.5,27.7,28.4,27.5,29.4,29.5,28.8,28.3,28.5,29,28.5,30.4,32.5,31,31,31.4,33,,,
2010,3,33.2,34.5,35.2,35.1,35.5,35,35.1,33.5,32.5,32.5,32.8,33,34.2,35.6,36.6,32,34.5,34.7,36.5,37.2,38.6,38.5,40.5,40.2,39.8,36.4,37.2,38,38.5,38.3,37.6
2010,4,40.7,39.2,39,37.3,40.4,40.6,41,39.8,41.2,42.5,41.5,39.7,37.7,37.5,38,34,35.6,35,37.8,40.5,40.6,39.8,39.3,39,39,36.8,32.7,34.7,35.4,33.6,
2010,5,36.4,33.3,37,36.8,37,31.8,35.6,33.5,38.4,39.6,40.5,39.7,39.2,39,36,38.6,34.7,36.6,36.5,37.5,31,34,35,34,33.8,35,33,32.5,35.3,37.3,34.3
2010,6,36.7,36.8,37,31.4,36.8,37.5,38.3,37,36.5,37.2,37.7,36.3,35.3,37,37,36,31.5,35.2,34.8,35,35.2,35.2,34.3,34,33.6,30.8,32.8,31,31,31.8,
2010,7,35.2,33.2,34,34,33.6,35,34.6,35,35.8,35,32.8,33.5,32.3,34.5,34.8,34.8,35.1,33.5,36,34.3,34,34.5,35.4,33,33.5,31.7,33.9,35.5,32,33.2,31.2
2010,8,31.8,34.5,35,34.4,34.3,34.5,35.3,35.8,36.8,37.8,35,32.6,33.8,32.5,34.2,34.3,34.4,33,35.6,32.8,32.3,31,34,31,33.9,33.6,34.2,35.4,33.8,34,33.2
2010,9,34.3,35.3,35.6,35.8,36,35.7,35,31.4,34,35.2,30.6,31.8,33.6,31.5,28.2,32,29.6,31.6,32.2,33.6,32,33,33.6,34.2,32.5,33.7,34.8,34,33,33.6,
2010,10,34.3,35.8,35.5,35,35.2,32.2,25,25.4,29.4,33.2,31,31.5,32,32,31,32,30.2,33.1,34,34.2,32.7,30.5,31,32,31.8,32.5,32.3,31.6,30.6,31.5,32
2010,11,25.4,26.4,30.5,30.5,31.6,33,32.6,32.6,31,31.2,31,31.6,29.8,30.3,30.2,30,31.2,31.1,31.5,30.3,28.6,28,29,28.8,29,28,28.8,28.2,28.5,26.5,
2010,12,26.6,26.8,27.8,28,27.5,23.8,25.6,25.4,21.4,27,27.5,24.7,22.6,24.5,23,25,25.5,24.7,26.2,25.2,24,23,24.4,24.6,24.3,25,24.8,24.4,24.5,24.8,25.6
2011,1,24.5,21.2,20.5,23,22.4,24.2,20.8,24.4,23.6,18.8,18,16.1,19.7,19,22,23.4,19.8,21.3,24.7,23.1,22,23,24,25.3,26.4,25.2,25.5,25,24.6,24.2,26.2
2011,2,26.5,25.7,26.2,28,28.5,28.4,28.5,31.8,28.7,27.9,27.5,27.8,29.3,30.3,28.2,32.5,26.8,25.3,26.6,26.6,24.3,27.8,29,29,29.2,30,30.4,30.5,,,
2011,3,30.4,30.5,32.5,33,35,34,32.5,32.5,34.5,32.6,31.8,31.6,31.4,33.7,32.8,34.6,34.2,33.3,36.2,37,38,37.2,36.5,36,35.6,37,34,29.8,30.5,31.8,33
2011,4,35.6,36.5,34.5,32.5,30.6,35,36,36.5,32.6,36.3,37,37.3,34,37,33.8,36.4,34.5,36.6,33.4,34.2,37.6,34.3,36.5,36.2,32.4,31.6,33.8,32,33.8,34.8,
2011,5,36.2,35.3,35.7,32.6,32.4,35.3,35.8,33.7,36.5,33,33.5,32.8,37.2,35.4,37.4,36.4,36.4,35,29.5,33.5,34,35.6,34.2,34.6,32.8,35,36.3,34.5,32,33.8,34.8
2011,6,36.6,36.7,36.2,37.5,37.2,36.6,36.5,34.5,36,37,36.3,35,36.5,36.4,32.1,32.7,29.1,28.2,31.6,34,35,35.5,35.6,31.6,34.6,30.6,31.7,31,31,31,
2011,7,29.7,33,31,33.4,32.6,34.2,31.5,34.3,35.4,35.7,35.2,33.8,35,34,32.8,34.8,32.1,34.5,31.5,30.6,32.4,31,32,32.2,36,34.2,35,36,35.5,35.6,35
2011,8,35,35,33,31.4,27.8,31.2,30.6,29,27.5,27.6,32,30.5,28.5,31,32.3,30.1,27,32.8,34,34.5,33,34,35.2,33,32,35,34.5,34.4,35.4,36,35
2011,9,33.8,33.8,33.6,33.8,34,33.5,31.8,30,31.8,32.8,35,36.3,36.6,34.3,29.8,29,32.4,31,32.8,35,33,32.6,30.6,31.4,32.6,32.5,31.2,33,33.5,33.2,
2011,10,34,33.4,35,34,34.6,34.5,34.5,34.3,34.5,33.5,34.5,33.6,33.6,33.7,34,34.6,33.5,32.6,32.3,33.8,30,32,31,31.5,30.7,32,30.8,31.4,30,30.7,30.5
2011,11,31.2,30,28.6,28.4,29,28.6,28.7,30.3,30.6,30.5,30.6,30.8,28.2,28.4,30.2,30,26.7,26.5,27.3,29,30,29.5,30.2,30.3,30.5,29.3,29.4,28.4,26.5,26.6,
2011,12,28,28.5,29,28.7,28.3,27.2,28,27.6,23.2,23.8,24.6,23.2,22,19.8,22.4,20,18.6,21.4,23.5,18.5,18.5,20.4,18.5,21,24.1,26,26,27.2,27.7,27.5,27
2012,1,25.8,19.6,21.2,24.5,23.6,23.5,23.2,25.4,24.4,23.4,22.3,21.4,20,22.4,21,23,25.4,25.4,21.8,22.6,22.3,20.9,22.9,23.4,25,25.4,25.8,24.3,24.5,25,26.5
2012,2,25.4,24.1,25.4,26.5,28,29.5,28,29,25.8,24.3,24,25.5,26.4,28.6,30.2,28,29.4,29.3,28,28.4,29.2,30.7,32,33,32.8,32,29.2,29.5,31.5,,
2012,3,32,31.2,32.6,32.6,34.4,34,34.8,33,32.6,32.2,32.5,33,29,30.5,30.6,32.5,32.8,32.9,31.5,33.7,36.6,36,32.8,34.8,35.3,37,38,39.3,38.9,38.3,36.6
2012,4,34.2,35.3,38.4,31.2,34.6,29.5,30,32.6,25.4,28.4,31.8,31.6,34.5,35,37.4,36.4,37.2,38.8,38.6,37.8,37,38.5,39.3,39.7,37.8,36,38.4,38.5,40.2,40,
2012,5,38,34.3,37.2,33.2,35.6,36.3,37.1,38.3,39.2,38,36.2,37.5,38.5,41.6,41,40.2,40.5,37.2,37.8,37.6,38.2,40,41,41,40.5,38,37.6,39.5,38.5,39.6,39.2
2012,6,39.5,36.5,39.5,42,38,35,35.8,37.6,38.8,39.2,38.8,36.8,36.7,37.6,37.8,35.8,33,35.4,37,37,33.4,35,33.4,29,32.8,33.6,36.5,34.5,35,35.7,
2012,7,35.6,35.6,32.6,32.6,31.8,32.2,34.6,35,33,33,35.3,31.5,34.5,33,32.4,32.6,34.4,31.6,30.5,34.7,33.5,34.6,35.5,35,34.2,34,32.6,32.5,30,32.5,33.5
2012,8,32.5,33.6,35,35.3,34.2,35,34.5,33.6,32.5,35.4,34.5,33.5,30.2,34,35,34.8,34,35,35.4,33.8,32.6,33.1,33.6,32,34.5,35.1,35.5,36,36,35.4,35.5
2012,9,36,36,33.2,30.7,31,30.5,34.6,36.4,34.1,31.8,32,34.6,33.5,30.8,31.3,30,30.2,32,34.5,34.2,34,36,33.4,34.5,34.6,35.4,36,36,34,34.5,
2012,10,34.4,34,34,28.8,32.3,33.2,33,36,31.9,31,32,33.4,34.3,30.8,32,32.5,32.4,32.8,32.2,32.8,32,30.8,31.7,32,32,31.4,31,31.4,31.8,32.8,32.7
2012,11,31.2,29.4,25.4,23,24.1,23.5,28.2,29.4,29,28.4,28.4,29.2,29,30,30,30.4,30.7,29.3,29.5,31,29.4,28.5,27.7,27,27.8,27.8,27.4,26.6,27,26.6,
2012,12,27.5,27.9,26.8,27.5,26.8,26.7,25.7,25.7,26.8,25.5,23.1,20.4,25.4,26.5,24.5,25.3,23.6,23.7,23.8,19.8,19.8,15.4,14.2,16,18.8,16.2,19,21.8,22.5,23.5,24.8
2013,1,24,26.5,26.5,24.4,21.8,20.2,17.5,16.5,17.5,18.4,20,21.9,23.8,25,26.2,26.3,25.9,26.8,26.8,24.1,23.5,24.2,25,23,20.8,20.6,23.5,27,25.4,25.4,26.5
2013,2,23.7,27.5,28,28.8,29.6,29.5,30,23,26.2,27.4,27.8,28,29.5,29,30,24.8,18,25.1,25.4,26.7,27.8,29.2,31,30.8,30.2,29.8,31.3,32.8,,,
2013,3,29.8,29,30.4,31.3,32.8,33.1,32.7,32.6,34,34,34.8,34.8,34.2,35,34,35,32.6,32.8,34.5,35,34.4,34.8,33.8,36.4,37.4,36.4,35.5,35,33.3,36.5,36.4
2013,4,36.3,37.4,37.5,38.7,37.8,37.3,38.1,39,40.8,41.2,36.6,40,41,37.4,33.6,34.6,30,36.4,36.4,32.6,30.5,31.8,30.8,33.8,34.8,37,36.6,37.4,38,39.1,
2013,5,40.2,40.5,39.4,39,30,29.8,31.3,33,33.5,37.4,37,34.8,36.4,34.7,34,32.7,35,34.3,34.9,33.6,34.2,32.5,30.2,27.5,30.6,35.6,36,34.6,32.6,28,26.7
2013,6,33.6,35.5,37,36.6,36.4,36,34.2,36.2,36.7,35.5,37.2,37.2,36,33.8,36.2,36.6,37.1,37.4,36,34.8,35,36,36.2,35.9,33.5,30.5,33,32.6,30.5,31.3,
2013,7,34,34.4,33.5,34.6,34.7,35.1,35.8,34,35,36.7,34.4,33,35.2,34.4,35.4,35,36.3,35.6,33.8,34.8,35.4,35,35.8,33.6,35,32.2,30,31.8,32.7,33.8,32.6
2013,8,34.3,36.6,35.1,36.6,35,33,30,30.2,32.7,34.2,33.5,32.8,34.4,36,30.4,30.7,33,34,31.4,30.5,29.6,34,34.8,35.8,36.4,35.2,32.7,32.2,35,33.6,33
2013,9,35,30.8,33,34.6,34.8,34.4,35,34,33,34.4,34.5,35,36.5,35,35.2,35.8,34.8,33.5,34.2,35.6,36,36.8,36.7,37.9,36,35,34.2,34,28.3,27.8,
2013,10,29.4,34.3,30.3,31.6,33.3,30,30.7,31.8,33.2,33,34.4,34.8,33.1,30.4,28.8,31.8,32.4,33.2,34,33,32.6,31.4,30,31.3,24.6,25.7,29.5,30.7,31.4,30.8,31.4
2013,11,30.6,30.7,30.8,29.6,28.6,29.4,30.6,29.6,30,29.8,29.1,28.8,28.5,29.6,32,31.3,29.4,29.6,29.6,29,29,29.3,28.7,28.5,28,29,29.8,29.9,29.8,28.5,
2013,12,28.6,28.3,29.3,29,28.8,28.5,28,28.4,28.5,28.5,27.4,25.8,26.4,26.5,26.4,26.3,25.8,24.7,24.5,21.7,25.4,25.3,26.6,26.7,21.5,21.2,19.6,17.3,19.7,22.4,24.6
2014,1,25.3,25.8,23.4,22.3,22.9,21,23.2,22.4,21.7,23.5,23,24.4,23.5,18.2,14.7,16.2,23.8,26.4,27.1,19.8,20.5,24.8,27.5,26.4,26,25.2,21.2,22.4,23.9,25.2,20.2
2014,2,24.5,23,21,22.7,27.5,28.6,28.7,30.2,29.3,26,26.5,26.4,26.6,23.7,20.5,19.6,24.4,24.1,26.2,27.3,27.8,29.4,26.8,28.5,28.6,28.5,27.8,23.4,,,
2014,3,24.5,23.6,29.4,27.6,29.1,28.3,30,29.7,29.6,29.7,32,33.5,31.7,31.8,32.5,33,34.3,35.3,36,33,33.2,35.4,32.5,32.4,33.6,36.4,37.2,37.5,39.6,38.4,37.5
2014,4,36.8,37.4,39.1,34.8,33.5,34,35,37.4,36.5,36,37.3,37.8,37,36.8,37.6,39,39.2,39.5,35.7,39.4,39.5,40,40.6,40.6,41.2,40.7,40.8,39,40.2,36.5,
2014,5,36.8,33.6,34.8,36.4,31.6,36,37,38,41.2,35.3,38.4,38.2,40.6,40,39.2,39.8,40.4,40.2,38.7,40,42.6,40.6,40.5,37.9,37.1,36.7,31.3,31.6,35.1,33.4,27.3
2014,6,33.6,33.3,36.7,37,37.6,36.4,35.6,35.3,37.2,35.5,33.4,37,36.9,37.2,38.6,38.3,36.6,36.4,34.5,31.3,28.7,28,33.6,33,35.2,35.6,31.8,35.2,33.5,33.8,
2014,7,32.4,33.5,31.6,32.8,32,34.5,35.2,33.4,36.2,36.8,36.4,35.4,35,34.2,32.6,33.3,32.2,34.6,35.4,34.2,32,31.4,34.6,33.8,35,37.7,31.4,32.6,33.6,34.8,34.4
2014,8,37.1,36.8,34.1,33,32.4,34.5,34.2,35.6,33.2,34,34.2,34.2,32.5,29.4,32.5,32,31.9,31.5,33.7,33.4,35.2,35.4,34.4,34.6,35.3,34,34.1,31.6,35.8,36.4,31.5
2014,9,32.9,34.5,35.2,34.3,33.8,34.8,33.7,36,35.7,33.5,35.3,36.4,36.7,36.5,34.8,35.2,36.3,37.5,30.6,33,30.4,28.5,30,31,33.4,33.5,35,35.7,34.1,34.2,
2014,10,34.6,33.5,33.5,33.7,34,34.4,35.7,34.8,34.6,34.8,33,30,34.2,34,32.2,32.1,31.7,31.6,32.2,32.3,32.6,32.2,32.4,32,32,27.9,29.5,30.7,30.4,29.8,31.4
2014,11,31.2,31.1,32.3,31.9,31.9,31,32.6,33.6,33.8,31.9,31.5,31.6,31,30.1,29.1,29.4,29.6,29.6,29.7,29.5,29.8,28.6,28.6,28.5,28.2,27.6,27.7,27.8,27.8,27.6,
2014,12,27.8,27.6,26.8,27.6,28.1,26,20.7,26,27,23.4,17.4,22.6,24.5,22,27.9,25.5,24,24.6,25.9,25.4,24.5,25.1,25.4,24.8,21.8,19.2,20.7,23.7,24.5,24.4,26.7
2015,1,28,28.7,24,26,22.9,22,21.7,21.5,23.8,21.4,19.5,23.9,23.7,23.4,26.5,27.3,20.7,16.4,16.4,21,24,26.8,27,27.1,26.3,25.5,25.8,25.8,22,23.4,22.8
2015,2,23,26,28,29.7,27.2,22.5,25.5,26.5,26.7,27.3,27.8,26.7,27.6,28,28,28.8,29,28.8,28.2,27.2,29.5,31.3,32.5,30.8,31.2,34.6,33,33,,,
2015,3,33.6,29,30.4,31,28.3,28.4,30,31.2,31.6,33.8,32.6,32,32.5,35.4,34.2,30.7,34.7,33,32.3,33,34.2,35.2,36.5,37.2,37.2,36.2,35.4,33.7,35.8,35.2,29.8
2015,4,34.7,35.6,34.7,38.2,31.2,31.4,33.7,32.4,36,36.1,37.7,35.7,29.2,32.9,35,33.5,35,35,32,34,35.2,37.2,35.8,32.4,29.8,29.8,32.3,32.5,32.7,34.9,
2015,5,33.5,35,36.2,37.5,38.5,37.4,37.4,32.8,35.2,34.4,34.4,34.5,36.2,36.7,36,34.3,32.5,36,36,36.7,37.8,39.7,39,36.4,36.4,35,37.4,37.2,38.1,30.8,37
2015,6,37.4,37.7,37.2,37.9,37.6,38,38.2,38.2,38.2,36.8,31,35.7,31.7,34.7,31,35,33,36.8,35.9,36,34,31.2,32.8,29.4,32.2,29.2,29.8,30.6,34.4,35,
2015,7,36,35.2,34.4,35.8,33.7,34.4,33.7,32,29.6,28.6,35.8,33.3,35.2,36.7,32.5,31,33.6,32.4,30.4,32.5,34,34,35.2,31.8,32.2,34.4,33.4,35.3,36,36.2,28.5
2015,8,27.2,31,32.1,34.7,34.3,34,34.4,34.4,36.7,36.7,34.5,35.3,35.8,34.8,34,36,33.7,33,32.2,30.1,30.7,31.2,35.3,35.4,35.4,36,34.6,35.5,34.4,34.4,30.8
2015,9,34.7,31.8,32.4,31,34.8,36.2,36.5,35.4,36,36.3,35,36.3,36,35,33.4,34.8,36.2,36.5,36,29.5,32.2,30.5,31.8,33.2,35,34.8,34.6,34.6,34.5,35.2,
2015,10,35.2,36,35.6,35,34.5,34.2,34.3,32.8,34.8,35.4,32.8,32,32.5,31,30.2,31,32.8,32.6,33.4,33.6,33.6,31.6,33.2,32.5,32,32.1,31.4,31.5,31.7,29.6,32
2015,11,29.3,30.6,31.6,32.5,32.8,32.4,31.8,30.5,31.1,30,30.8,30.8,30,30,31,31.4,31.2,30.3,29.7,31.1,30.3,30.8,30.5,29.4,30,29.6,29.5,29.8,28.5,29,
2015,12,30.2,29.5,29.8,27.8,27.8,25.6,27.2,27.8,27.2,25.2,24.8,25.8,26.2,23.2,23.5,23.2,24,23.6,23.5,23.7,23.4,24.5,24,22.4,22,24,24.7,24.8,24.5,25,26.2
2016,1,26.6,26.8,26,25.4,24.5,25.7,25.8,28.3,26.8,25.5,24.3,24,24.7,25.8,26.2,25.2,25.7,24.4,22.3,17.8,20.8,18.3,21.5,19,21,21.8,24,25.3,24,24.1,26.4
2016,2,27.7,27.5,26,24.7,25.7,26,24.8,28.2,26.8,28.4,27.2,29.2,28.6,29.7,30.7,30.5,32.3,32.7,33.4,33,32.6,30.5,30.6,30.5,31.8,30.2,31,31.6,31.9,,
2016,3,32.6,34,34.2,34,35.7,33.6,33.5,32.6,35,34.4,35,36,30.2,27.6,33.2,33.4,33.6,34.8,35.3,35.1,36.8,35.7,34,34.7,34.4,36,34.2,33,35.4,34,34.1
2016,4,28,29.8,31,32.4,34.2,38,38.5,38.8,39.2,39.2,39.7,39.5,38.1,39,38.2,38.3,34.8,35.5,39.6,39.4,39.5,40,40.2,40,40,39.4,39.4,40.2,41.2,40.6,
2016,5,39.5,32,34.6,33,36,37,35.6,34.6,37,36.7,35.2,36.2,30.7,33,36.1,36,36.4,35,32.6,33.5,30.2,35.4,36.1,33.4,35.3,33,34.6,33.2,31.6,36.3,36.4
2016,6,34,36,37.1,37.2,37.4,37.6,36.5,36.2,36.5,37.6,35.5,32.5,32.4,34,35.7,28,35.2,34.6,35.7,35.5,35,33.4,34,35,37,38,35.5,36.2,36.7,34.5,
2016,7,34.5,35,31.4,33,30.8,32.2,34,34.2,33.8,34,34.9,34.6,33.8,36.2,36,28.7,30.4,29.7,34.4,34.1,32.8,33,32.8,34,32.8,33.7,33,33,35.1,34.6,34.7
2016,8,35,34,35.5,35,34,33,32,35,33.6,29.4,31.5,35.6,35.5,34.4,35.7,34.3,31,33.4,35.7,35.4,31,31.4,34.3,34.8,36.7,32.1,36.5,35.3,36.4,36.2,36
2016,9,33.5,35,34.4,31.4,34.6,32,34,35.2,35.2,35.8,35.8,30.2,31.4,34.4,36,35.2,35.3,35.5,35,33.4,33,35.3,35,33.5,33,30.8,32.7,34.8,34.2,35.5,
2016,10,35.3,36.5,35.5,35.6,34.2,35,35,34.2,33,31,31.5,32,33.5,33,32,34,33.5,33.5,34,33.4,32.4,32.3,32.8,32,32.4,33,27.7,30.2,31.2,32,32.5
2016,11,32.6,32.7,32.7,29.5,27.2,29.2,30.2,30.4,30.6,30.7,31,31.4,31.2,30.4,30.2,30,29.8,29.6,29.5,29.6,29.3,29,28.1,29,28.6,28.1,29.8,29.6,29.6,29.9,
2016,12,29.4,29.6,28.8,26.9,27.3,26,29.6,27,23.8,25.6,26,25.3,22.3,23.5,25.4,25.8,26.8,26.5,27,27.2,24.8,25.8,27.2,27.6,27.4,27.5,26.3,23.8,21.5,25.8,23
2017,1,25.5,26.5,25.5,25.4,23.6,23.3,24,25.6,26,17.2,25.2,22.6,22.4,22,24.2,24.4,24.7,25.5,26.7,27,25.9,26.5,26.8,26.2,29,29.4,28.5,26.4,25.3,25.4,25
2017,2,23.8,23.6,24.4,27.3,29.8,30,29.1,27.5,28.4,28.5,26.5,27.2,29.2,28.8,29.3,29.1,29,29,29.4,30.5,33.5,33.2,30.3,28.6,28.4,28.5,30.4,31,,,
2017,3,31.3,34,33.5,28.6,31.5,31.2,31.8,27.4,28.6,31.5,26.5,28.5,29,29.4,29.6,30.6,33.4,32.7,28.7,29,28.8,32.3,33.1,32.6,33.5,31.7,33.4,33,32.7,37.8,35
2017,4,37.4,37.4,37.9,30.4,30.3,34.2,36.6,37.4,37.4,37.6,36.6,37.1,37,37.3,36.2,33,35.2,36.6,31.3,31.6,34.8,27.5,30.5,32.2,37.2,38.4,37.7,37.9,36.9,35.2,
2017,5,33.2,32.6,36.5,34.6,36,35.6,34.6,36.2,30.5,33.4,36.4,36.4,36.4,34.2,33.8,33.8,34.3,35,37.5,37,37.5,37.6,37.2,36,37,35.5,35.5,37.2,36.2,31.1,35.4
2017,6,37,35.4,36.5,37.3,35.6,35.3,37.1,37.6,37.2,36.9,35,31.2,36.1,36.2,36,29.6,36,37,32,31.9,32.5,36.7,34,35.7,36,34.2,35.6,35.5,35,35.5,
2017,7,34,33.8,31.5,33.2,33.6,32.4,34.4,34.5,33.6,33.7,29,28.1,34.2,34.4,35.3,35.6,36.2,36.6,33.4,30,28.9,31.4,32.4,27.8,27.8,29.5,33.4,34.7,32.2,31,35.6
2017,8,34.5,35.7,33.5,34,35.2,34.1,34.4,36.3,35.7,34,30.5,28.4,32.3,32.7,35.2,34.6,34.5,33.6,34.2,35.6,35.7,32.8,34.2,35.2,35.9,35.6,32.6,33.5,34.5,34.2,35
2017,9,32.2,31.8,34,36,36.2,35,36.2,36,34.8,34.5,33.1,33.1,34.7,30.7,33.6,35.6,35.7,33.4,31.4,33.5,33.6,34,35.2,34.5,35,34.6,33,33.9,31.4,31.1,
2017,10,33.1,31.8,34.8,35,35.4,33.3,32.1,32.4,28,28,34.8,34.3,34.5,34.4,35.2,34.8,33.1,35,31.4,26.4,23.3,31.2,32.7,32.2,31.5,30.4,30,29.4,30,30.4,27.2
2017,11,28.6,29.7,31.6,31.7,32.3,31.6,31,31.5,31,30.5,31.6,30.8,29.9,29.6,24.5,25.5,27.8,31,31.5,31,29.1,26.6,28,28.5,28.4,28,27.7,26.8,27.8,27.1,
2017,12,28.4,28.5,28,27.4,27.2,27.5,28.3,26.9,23.6,23.4,29.4,28.9,28.5,28.8,26.9,26.5,24,22,20.6,21.8,24.7,26.4,26,26.2,26,25,24.5,26.8,25.6,26.6,27.3
2018,1,24.5,23.3,23.6,18,21.7,21.7,17,18,22.5,21.1,19,19.2,19.6,17.8,21.8,22.6,25.5,24.7,24.2,24.4,21.5,24.5,25.9,27.5,26.2,24.5,21.6,24.9,24,24.1,24.2
2018,2,24.8,24.4,26.8,29.5,29.5,28.4,29.2,29,27.7,26.4,26.4,28.4,28.5,27.9,28.2,27.9,28.6,29.1,31.2,29.5,29.4,29.8,32.5,32.4,32.3,30.8,29.8,30.7,,,
2018,3,31.5,33.4,34,35.6,34.3,33,32.1,32.2,32.4,32.9,34.5,34.1,34.2,31.6,33.5,35,35,35.2,34,34.8,35.5,36,36.4,34.9,36,34.5,34.2,35,35.8,35.2,31
2018,4,33.8,33,35.6,35.2,34.5,30.7,33,34,33.8,33.5,33.7,33.8,34,36.8,35.4,36.6,31.8,33.8,34.2,36.3,35.8,34.4,37.1,37.5,35.5,31.5,33.8,34.4,29.3,29,
2018,5,31.8,29,32.1,29.9,32.2,35,34.5,36,33.7,34,31.9,34.6,31.7,32.4,34.4,29.2,32.8,34,33.4,33.5,33.2,33,34.9,35,33.7,36.2,35.2,35.7,34,36,33.8
2018,6,28,35.2,34.4,35.7,36,37,37.8,33,36.5,36,35.6,34.5,36.3,37,40,38.4,37.7,38.4,35,35,36.8,36.4,37.4,36,31.6,34.6,34,35,35.3,35.6,
2018,7,35.3,35.2,31.7,32,33.8,36.1,36.4,34.8,34,34,36.2,35.4,35,36.5,35.5,33.8,34.7,34.7,37.9,37.1,33.6,29.5,31.7,29,33.3,32.8,31.5,33,33.2,32,32
2018,8,30,31.2,33.5,32.4,33.6,34.5,34.9,34.5,34.3,36.6,36.4,35.8,35.8,35.6,35,35.4,35.9,37,38.3,34.4,34,34.2,36,33,33.8,33.8,33.4,35.5,35.4,35,34.8
2018,9,35,30.7,34.5,34.8,34,32.5,34.3,35.2,34.7,33,32.8,35.1,34.2,33.5,33.4,34.5,35.4,35.6,36,32.8,32.6,33.5,34.7,35,34.6,34.5,36.3,34.6,36,35.7,
2018,10,36,35.4,35.8,33.6,34.6,34.2,33.5,34.5,33.2,31.3,24.6,25.7,25.8,32,32.2,32.2,32,33,34,34,33,32.6,32.5,31.5,31.7,31,32,30.5,29,31.6,32.4
2018,11,32.3,32.3,33.2,32,32.9,32.2,29,29.8,29.2,29.4,30,30.5,29.1,29.6,31.2,30.7,29.4,29.8,28.9,28.9,29,28.4,28.1,28.3,29,29.4,29.5,30.3,28.8,29,
2018,12,27.8,27,27,27.6,26.7,26.5,26,26.5,27,27,27.6,28.1,28.3,28.2,27.2,26,22.4,16.4,21.8,23.2,24,24.2,25,26,24.5,23.7,23.6,22.5,22.8,24.1,24.5
2019,1,25,26,24.6,22.8,24,25.9,25.9,26,25.8,23.8,24.8,25.1,26.3,24.8,24.5,25.4,25.6,25.5,25.4,25.5,26.3,27.6,28.2,26.5,27,25.4,27.2,25.1,23.5,23.7,26
2019,2,27.1,27.4,28,27,26.8,26.4,29,26,23.6,24,25.2,26.6,28.1,29,29.2,28.6,27,26,29.2,29.8,30.6,31.5,31.6,29,29,29.5,25,23.2,,,
2019,3,26.2,26.2,28.2,27.4,28.8,27.8,27.4,28.6,29.6,32.2,32.9,33.6,34,33.4,34.1,33.7,33.5,32.7,33.6,33.8,35.5,36,35.4,34.3,35.8,30.7,31.5,34.4,34.7,32.5,36.1
2019,4,31.5,34.6,30.4,33,31.5,32.5,31.7,32.6,31.4,29.2,33,34.5,35.2,33.7,35.5,35.3,33.5,33.8,35.4,36,37.8,34.5,34.6,37,38,36.2,35.6,39.9,40,38,
2019,5,36.5,35.6,32.1,26.5,35,37.5,38.2,38.5,39.5,39.5,38.5,37.6,36.2,35,35.5,35.8,37.5,38.6,38.3,37.2,36.6,35.6,33.6,35,30.3,37.5,37.8,36.3,37.2,37,34.4
2019,6,35,26.4,31.8,35.4,31.6,34.4,35.5,36,36.6,37,36,37.7,38,38.5,36,38.9,39.2,35.9,38.4,36.2,36,34,37.6,37.1,38,36.4,33.2,36.6,35,36,
2019,7,36.3,34,34.4,34.8,35.4,32.8,32.6,33,33.6,33.5,31.8,35.6,34,35,35.5,35.7,36.5,37.4,36.6,37,36.4,35.8,34.8,34.2,33.4,30.8,32,32,34,35,35.7
2019,8,34.8,35.5,35,34.5,36.6,35,33.5,30.7,35.8,36.4,35.2,36,32,28,32.8,33.4,31.3,33.7,34.3,34.6,36.5,36.1,35.2,34.5,34.2,36.1,35.7,36,36.2,36.6,34
2019,9,36.2,35.5,34.5,34.3,34.5,33.6,32.5,32.8,35.2,35.8,35,32,32.5,35,35.6,34.7,35.5,36.5,36.6,36,36,33.5,33.5,33.8,27.6,29.8,30,26.7,28.2,30,
2019,10,30.3,32.5,32.8,33.5,34,34,33.5,32,31.3,30.8,33.3,33.5,32.7,32.4,34.2,33.8,33.5,33.2,33.7,32.6,30.5,32.5,31.7,24,22,24.4,28.5,28.9,31,31,31
2019,11,31.3,31.1,31.2,32,31,30,29.5,28.8,25.3,28.9,31,32,30.8,32,31.9,31.2,30,30,29.8,28.5,28.8,29,28.3,29.4,29,29,29.6,30.7,30.3,29.2,
2019,12,28.6,27.5,27.4,26.6,28.5,29.5,28.6,28,27.6,26,25.5,25.2,26.9,25.8,25.8,26.4,24.4,22.2,21.5,26.5,15.4,17.8,20.7,22.3,21.2,21,17.3,21.6,23.3,22.2,25.7
2020,1,25.3,25.7,23.6,23.1,21.8,19.1,19,22.6,21.4,22.2,22,23.2,24,25.1,25.3,26.5,28,28.6,21,22.2,23.2,23.6,23.6,23.3,23.1,22.7,21.9,24.8,20.5,23,23.8
2020,2,25,23.8,23.6,25,24.7,25.4,23,21.5,25.7,26.1,26.6,26.5,25.7,27,27,28,28.6,28.3,30,29,29,29.5,30,29,26.3,25.8,26.9,28.3,29.5,,
2020,3,29.8,30.4,31.6,28.5,28.5,30.5,27.4,30.6,29,30,31.3,32,33.4,27.7,26,31.5,32.6,31,32.4,32.5,34.5,29.8,30.6,32.1,33.5,35.5,35.8,35.8,35.6,35.1,35
2020,4,36.8,38.2,37,36.5,36.7,37.2,38.5,39,37.5,39.2,37.4,33.4,35.8,38.1,28,34.1,33.2,36,36.4,34.5,29.8,31.5,33.5,31.2,30.8,27.4,33.6,29.7,31.4,33.5,
2020,5,32.2,31,32.7,34.5,35.5,32,34.3,32.4,35,37,35.5,36,37,36,35,37.5,38,37,34,25.6,27.5,32.5,35,34.8,34.8,34.6,27,30.5,34.1,34.5,34.2
2020,6,35.2,36.5,35.6,36.5,33.7,35.4,37,36.5,36,36.5,35,34.8,31.3,33.7,35,36,32.9,31.5,33.8,36,32,34.5,36.2,35.3,34,32.4,34.8,33.2,34.5,36.2,
2020,7,36,35.6,35.6,36,34,33,35.8,34.1,33.5,34.8,33,33.6,34,32.8,34.5,34,35,34.8,32.4,32.5,32.6,30.4,32.5,31.4,34.6,36.4,31.3,34.3,32.4,35.2,34
2020,8,36.4,35.4,36.3,35.2,34.5,34.9,36.2,36.2,35.7,35.4,33.9,35.2,34.7,35,32.2,33.8,34.1,35,33.4,29.4,31.8,33.3,34.5,33.6,36,32.7,35,34.7,34.8,35,34.7
2020,9,30.7,34,35.7,35.6,36,34.5,32.5,34,35.2,32.7,35.4,35,35.2,35,35.7,35,34,32,35.6,36.5,32.6,31.8,32.5,31.9,33,34,35,35.1,33.6,33,
2020,10,33.9,31.6,34.8,35.6,35.2,35,32,35,34.6,34.5,35,35.4,35.4,35.6,35.6,35,35,35,34.6,34.7,33.7,30.4,25.6,28,32.4,32.6,32.7,32.6,33.5,33.5,34
2020,11,33.2,33.2,32.2,30.7,31.2,30.2,30.2,31.8,31.9,32,32,32.1,32.6,31.3,31.6,31.3,30,30,30.3,29.4,28.3,28,27.2,27.4,29,28.3,24.5,28.5,29.4,29.2,
2020,12,29.3,28.5,28,27.5,26.4,26.4,26,25.6,25.4,20,20.5,24.5,25.6,25.5,24,26.6,26.2,24,21.7,23.5,23.9,25.2,26,25.4,25.5,25.1,24,24.3,25,25.3,25.4
2021,1,25.6,25.5,26.7,26.5,28.2,29,29.7,27.6,27.6,26.5,27.4,23.5,19.1,23.5,22,19,21.2,24.2,25.3,23.8,23.4,19,18.7,21.7,20.7,23,21.2,23,23.5,21.1,19.6
2021,2,22.6,24.6,25.5,27.4,29,26.7,26.4,27.7,27,27.3,27.7,27.6,29.7,29.2,29.4,29.6,27.8,29.5,29.9,29.8,30.6,31,30.5,30.3,33.6,34.5,34.2,35.5,,,
2021,3,35,33.2,32.2,31.9,35,32.6,33.3,32.7,33.3,32,33.8,34,30.4,31.8,34,34.5,34.8,35,35.8,35.5,36.7,37,36.8,37.7,37.1,36.8,36.6,36.3,35.6,36.6,33.5
2021,4,38.7,38.9,38,37.4,34.5,36,35.4,34.6,35.8,37.8,38.5,36.4,39.6,39.7,37,36.7,35.9,35.2,39.5,40.3,38.6,33.6,35.6,39,40.3,38.8,38.3,39.3,38.2,37.4,
2021,5,34.2,35.8,36.2,33,33.8,34.4,35,31.5,30.8,35.5,31.5,32.5,32.4,35.6,37,36.5,37.8,36.7,36.5,36,35.5,36.8,38.6,37.8,31.4,31,32,35.8,35.7,33.7,33
2021,6,34,34.4,36.3,36.2,37.5,37,36.1,36,35.3,36.5,33.7,33.9,34,34,34.2,29.4,30,30.5,28.2,31.6,34.4,34.9,35.5,35.7,34.8,35.5,35.8,35,30.7,32.9,
2021,7,27.6,31.7,36,35.6,36,35.6,32.5,33.2,33.5,34.9,34.5,34.8,36,35.7,34.8,35.8,34.5,35.9,34,29,34.5,36,33.5,32.9,35.3,36.8,35.4,35,31.6,32.8,33.7
2021,8,34.1,33.1,34,33.5,36.2,33,34.5,34.2,35.6,35.3,34,32.2,33.2,34.8,35.3,31.6,33.2,34.3,34.5,34.2,33.6,35.4,34.4,35,35.4,32.1,33.4,35,33.5,35.1,35.7
2021,9,34.8,33.5,34.4,36.6,34,34.8,32,35.3,35,35.8,35,36,33.6,29.5,33.2,34.5,35.3,33.4,34.5,33.8,33.6,31.6,34.6,36.3,35.8,36.5,35.8,32,31,32.2,
2021,10,35.2,35,33.6,33.4,34.1,34.3,35.5,35.3,34.7,34.6,34.6,34.6,34.9,32.9,35.7,36,35,30.5,30.6,29.2,31.6,32.8,32.6,31.7,31.5,32,31.7,31.8,32,31.1,30.6
2021,11,31,30.2,31.1,29.7,30.5,30.2,30.9,30.7,30.8,31.4,30.7,30.6,26.4,24.7,29,29,30,30.4,29.8,29.5,29.2,30.4,30.2,29.1,25.6,27.5,28,29,28.4,28.8,
2021,12,30,30,29.7,25.2,26.5,25.2,28.7,29,28.7,28.6,26.3,26.2,26.2,26.8,26.2,25.9,26.3,26.4,23.5,23.4,25.4,25.3,25.5,25.7,26,25.5,25.6,25.7,24.1,24.7,24.1
2022,1,22.8,22.6,22.4,22.5,22.2,24.8,25.3,27,27.6,26.1,24.5,25.3,23.8,20.8,23.4,23.2,24.4,22.8,21.7,22.1,24.4,24,19.4,24.8,24.5,21.2,23.3,20.1,21.6,22.6,24.6
2022,2,26.3,25.1,26.6,17.4,22,22.2,23,24.6,26.4,20.6,25,24.6,25.3,26.1,27.4,26.4,27,26.8,27.9,28,27.8,28.2,29,30,27.5,30,27.6,29.5,,,
2022,3,29.5,30.3,30.6,31.3,32.3,31.5,32.2,32.4,32.6,33,32.9,33.8,33.9,34.7,35.3,37.6,37.9,38.4,38.5,38.1,35.5,36.7,37.4,37.8,37.2,38.3,36.6,37.8,35,34.7,36
2022,4,37.6,33,34.9,37,36.6,36.8,36,36.1,35,35.8,36.1,36.2,37,37.5,41.2,38.3,37.5,37.5,36.5,29.8,32.5,35,38.8,40.3,41,39.9,38.9,36.8,37.3,36.2,
2022,5,36,34.4,26.5,33.2,34,35.2,35.6,34.7,36.1,32.2,33.1,35.4,35,36.2,35.5,36.2,34.8,36.1,36,34.6,32.7,32.6,36,36.7,35,35.8,36,35.8,34.2,36,36
2022,6,36.7,36.2,36.4,35,36,34.4,34.8,35.7,31,35.4,36,36.8,37.5,35.9,34.3,34,30.2,33.2,34.6,33.7,34.9,32,35.6,36,35.2,36,36.1,34.3,35.5,35.5,
2022,7,36.3,36.5,35.1,37.2,37.5,35.5,38,37,38,37.4,36.3,39.6,38.2,39,38,36.8,36.8,37.7,38,37,37.5,36.5,37,33,33.5,32.6,35.5,33.4,34.5,36,33.3
2022,8,28.4,34.8,34.7,33.4,37,33.6,36,35.6,34.4,33,33.5,36,35,32,33.2,35.7,36.7,36.5,34.2,31.2,35.8,36.9,32.2,34.5,35.4,35.8,36.6,35.3,36.5,35.8,36.3
2022,9,****,****,****,****,****,****,****,****,****,****,****,****,****,****,****,****,****,****,****,****,****,****,****,****,****,****,****,****,****,****,
2022,10,****,****,****,****,****,****,****,****,****,****,****,****,****,****,****,****,****,****,****,****,****,****,****,****,****,****,****,****,****,****,****
2022,11,****,****,****,****,****,****,****,****,****,****,****,****,****,****,****,****,****,****,****,****,****,****,****,****,****,****,****,****,****,****,
2022,12,****,****,****,****,****,****,****,****,****,****,****,****,****,****,****,****,****,****,****,****,****,****,****,****,****,****,****,****,****,****,****
